"pathway","pval","padj","log2err","ES","NES","size","leadingEdge"
"GOCC_ENDONUCLEASE_COMPLEX",0.00164832359939756,0.56867164179216,0.45505986738723,0.625339486882486,1.98515492162927,18,"Ago1; Rpp38; Trmt10c; Clp1; Ago2; Rpp14; Mus81; Tarbp2"
"GOCC_PHOTORECEPTOR_INNER_SEGMENT",0.0050324637232055,0.626335702018236,0.407017918923954,0.520368844505085,1.81201693055144,25,"Hspa8; Reep6; Crocc; Kif17; Dnm1; Shank2; Rd3; Bbs4"
"GOCC_RNAI_EFFECTOR_COMPLEX",0.00544639740885423,0.626335702018236,0.407017918923954,0.516189794096082,1.79746473325004,25,"Ago1; Mir219a-1; Mir505; Mir326; Mir455; Mir150; Ago2; Dcp2; Mir194-1; Mir194-2; Mir181c; Tarbp2"
"GOCC_INTERMEDIATE_FILAMENT_CYTOSKELETON",0.0210042395283897,0.840415517294183,0.352487857583619,0.366165734084557,1.51887968562005,54,"Tlk2; Hspa8; Mmp14; Krt33b; Nefh; Pfdn5; Syce1l; Synm; Disc1; Pja2; Krt87; Shank2; Jup; Tchp"
"GOCC_NUCLEAR_CHROMOSOME",0.0124143992484906,0.840415517294183,0.380730400722792,0.297788220725393,1.43938145694652,113,"Parp1; H2ax; Mms22l; Nufip1; Smarca5; Hnrnpu; Ncaph; Chmp1a; Sinhcaf; Wdhd1; Cdc45; Syce1l; Uchl5; Ncaph2; Xpa; Mcm5; Cfdp1; Sycp3; Srsf2; Trrap; Brms1; Mlh3; Rnf212b; Gm773; Hormad1; Psmc3ip; Exosc9; Topbp1; Orc5; Spo11; Rsph1; Mus81; Syce2; Kat5"
"GOCC_NUCLEAR_REPLICATION_FORK",0.0107304794881666,0.840415517294183,0.380730400722792,0.526483990976062,1.72211916171966,19,"Parp1; Mms22l; Smarca5; Wdhd1; Xpa"
"GOCC_SECRETORY_GRANULE",0.0222988038135714,0.840415517294183,0.352487857583619,0.262896184958897,1.34344797716647,164,"Tmem184a; Spag6; Dnajb3; Ghrl; Arpc2; Klk1b21; Stxbp1; Tff3; Ift88; Dvl1; Slc9a8; Catsper4; Cartpt; Sod1; Pcsk4; Chgb; Pam; Stx1a; Spaca7; Flot2; Pcsk1n; Slirp; Oprd1; Abhd2; Vps33b; Ift20; Cypt1; Baiap2; Tssk1; Sparc; Enkur; Vegfa; Glipr1l1; Vamp2; Tgfb1; Lamp2; Rab12; Nlrp5; Lyz1; Prss51; Plcb2; Clip2; Atp2c1; Atp6v1a; Kit; Lnpep"
"GOCC_SECRETORY_VESICLE",0.0200108982813855,0.840415517294183,0.352487857583619,0.246395993330473,1.33700671104129,255,"Gad2; Hspa8; Tmem184a; Spag6; Dnajb3; Ghrl; Arpc2; Klk1b21; Stxbp1; Tff3; Ift88; Sytl2; Amph; Ston1; Dvl1; Slc9a8; Slc17a7; Atp6v1b2; Catsper4; Dnm1; Cartpt; Gipc1; Stx12; Disc1; Sod1; Clcn4; Pcsk4; Cyp19a1; Chgb; Pam; Stx1a; Spaca7; Mme; Flot2; Pcsk1n; Dnm1l; Slirp; Oprd1; Abhd2; Vps33b; Rab11b; Ift20; Cypt1; Baiap2; Tssk1; Vti1a; Sparc; Enkur; Vegfa; Glipr1l1; Vamp2; Tgfb1; Atm; Lamp2; Dlg1; Rab12; Psen2; Nlrp5; Lyz1"
"GOCC_STEREOCILIUM_BUNDLE",0.0224618899598766,0.840415517294183,0.352487857583619,0.462731430007863,1.56509614913138,23,"Ift88; Bbs2; Vezt; Kncn; Ift20; Nherf1; Ptprq; Eps8; Dcdc2a; Twf2; Adgrv1"
"GOCC_TRANSCRIPTION_ELONGATION_FACTOR_COMPLEX",0.0243598700664981,0.840415517294183,0.352487857583619,0.441473098209897,1.62168771093387,31,"Mms22l; Ccnt1; Eaf1; Nufip1; Paf1; Ercc6; Epop; Cdk9; Elobl"
"GOCC_PROTEIN_DNA_COMPLEX",0.0278579515785049,0.873726663144016,0.352487857583619,0.216752068684787,1.21258886463345,341,"Rrp1b; Hdac4; Bud31; Parp1; H2ax; Mms22l; L3mbtl1; Ran; Rbbp4; Prdm9; Vps72; 4930402K13Rik; Cenpa; Nufip1; Rfx3; Jak2; Smarca5; Nr1h3; Jun; Sinhcaf; Casz1; Cdc45; Dlx5; Shld2; Chrac1; Jade3; Kansl1l; Fbh1; Uchl5; H1f7; Irf3; Xpa; Stat3; Mcm5; H2ap; Nop53; Cfdp1; Chaf1a; Cenpc1; Srsf2; Ercc6; Bcl7b; Ppp4r2; Bcl7c; Trrap; Brms1; H1f1; Jup; Nucks1; Pawr; Hmgn5; Mta3; Rbmx; Cdca5; Obi1; Klf1; Brd9; Jund; Hmgn1; Asf1b; Nfe2l2; Zmynd8; Taf5; Mga; Tada3; Gtf2a1; Supt3; Basp1; Chd2; H4c6; Nmnat1; Gata1; Nap1l1; Orc5; Atf6b; Hsf1; Faap100; Setd3; Smarcc2; Kat5; Hmga1; Gabpa; Gtf2h3; Enc1"
"GOCC_INTERMEDIATE_FILAMENT",0.0306830330015803,0.882137198795434,0.352487857583619,0.403845177210966,1.54228440511638,36,"Tlk2; Hspa8; Krt33b; Nefh; Synm; Krt87; Shank2; Jup; Tchp; Pkp2; Krt42; Lmna; Nme1"
"GOCC_AUTOPHAGOSOME",0.0353239973151819,0.904017857142857,0.321775918075361,0.359626706931841,1.45517849156826,47,"Hspa8; Gabarap; Gabarapl2; Chmp1a; Chmp3; Chmp2b; Atg16l1; Atg4b; Tecpr1; Hap1; Vti1a; Fyco1; Trp53inp2; Lamp2; Rab12; Tbc1d25"
"GOCC_OUTER_MEMBRANE",0.0366847826086957,0.904017857142857,0.276500599254472,-0.322803580999314,-1.36548927412472,101,"Rps6kb1; Kash5; Spata19; Mtarc2; Vdac3; Mtch2; Miga1; Agtr1a; Fis1; Retsat; Bri3bp; Foxo3; Marchf5; Hk2; Mtx2; Acsl5"
"GOCC_90S_PRERIBOSOME",0.397372742200328,0.985341533317411,0.0808589150280032,-0.363140141778934,-1.05669563933086,17,"Imp4; Rrp7a; Wdr36; Utp20; Heatr1; Casp8"
"GOCC_ACETYLTRANSFERASE_COMPLEX",0.348596750369276,0.985341533317411,0.0822054920415869,-0.301101789646315,-1.07450730746538,38,"Dmap1; Crebbp; Naa20; Msl3l2; Kansl1; Mbip; Ogt; Taf10"
"GOCC_ACROSOMAL_VESICLE",0.123072758268055,0.985341533317411,0.287805130535564,0.291283144846087,1.28107188783821,74,"Spag6; Dnajb3; Klk1b21; Ift88; Slc9a8; Catsper4; Pcsk4; Stx1a; Spaca7; Flot2; Slirp; Abhd2; Ift20; Cypt1; Tssk1; Enkur; Glipr1l1"
"GOCC_ACTIN_CYTOSKELETON",0.215269086357947,0.985341533317411,0.10027910675413,-0.243796535262995,-1.13247890916553,201,"Stoml2; Actg2; Myo1e; Cald1; Prkcz; Specc1; Dyrk1a; Palld; Ptpn12; Daam1; Septin7; Msrb1; Cdc42ep3; Ctnna1; Actrt2; Hip1r; Tpm3; Dusp22; Flii; Cotl1; Tnni3; Flt1; Hnrnpc; Actl7b; Vps11; Actr1a; Arpc1b; Cdh2; Cenpq; Cdc42bpb; Myl9; Vangl2; Stk38l; Tagln2; Tax1bp3; Fhdc1; Pxn; Rflna; Akap13; Ttn; Vcam1; Capza1b; Gmfb; Marcks; Dbnl; Pkd2l1; Vps16; Cnn1; Acaca; Pls3; Spta1; Myo6; Myl6; Actl7a; Gas7; Actr2; Gmfg; D7Ertd443e; Map3k1; Dctn5"
"GOCC_ACTIN_FILAMENT",0.317919075144509,0.985341533317411,0.0860347242455604,-0.280300262310474,-1.09303808826748,60,"Cald1; Specc1; Dyrk1a; Palld; Tpm3; Dusp22; Cotl1; Vps11; Fhdc1; Akap13; Dbnl; Vps16; Pls3; Myo6; Gas7; Map3k1; Vcl; Myo1c; Tmod1"
"GOCC_ACTIN_FILAMENT_BUNDLE",0.347305389221557,0.985341533317411,0.083129129135339,-0.306221706734302,-1.07193713149018,36,"Prkcz; Palld; Daam1; Septin7; Tpm3; Myl9; Vangl2; Pxn; Rflna; Marcks"
"GOCC_ATPASE_COMPLEX",0.374172185430464,0.985341533317411,0.128142916898415,0.239422739917953,1.05298829281782,74,"Rbbp4; Smarca5; Vps4b; Atp6v1b2; Atp5pb; Chrac1; Uchl5; Cfdp1; Ercc6; Bcl7b; Bcl7c; Trrap; Mta3; Atp5f1d; Atp5mj; Ptpa"
"GOCC_AUTOPHAGOSOME_MEMBRANE",0.0538126133837981,0.985341533317411,0.321775918075361,0.443026030942862,1.47703744343454,22,"Gabarap; Gabarapl2; Chmp1a; Chmp3; Chmp2b; Atg16l1; Atg4b; Tecpr1; Lamp2"
"GOCC_AXON",0.212765957446809,0.985341533317411,0.224966093540314,0.201328368637496,1.08442464029139,236,"Adgrl3; Gad2; Hspa8; Kcnj6; Ghrl; Arpc2; Stxbp1; Nefh; Katna1; Git1; Amph; Slc38a1; Dvl1; Maf1; Dctn2; Slc17a7; Dnm1; Rtn4r; Uchl1; Rtn4rl2; Tnfrsf21; Disc1; Hspb1; Jam2; Cyp19a1; Adam22; Nmnat3; Stx1a; Mme; Igsf9; Tubb3; Shank2; Chrna7; Oprd1; Pawr"
"GOCC_CELL_BODY",0.409756097560976,0.985341533317411,0.0642140881844605,-0.211178161710777,-1.01885586239827,276,"Akap12; Cald1; Prkcz; Elk1; Kremen1; Palld; Dixdc1; Sdc2; Septin7; Bmpr1a; Inpp5f; Robo1; Entpd1; Ybx1; Kcnk2; Hip1r; Plxnd1; Fbxw11; Ttbk1; Adcy10; Mapk10; Tgfb3; Ogt; Erc2; Syncrip; C9orf72; Phax; Prkar2b; Txn1; Cpne5; Cst3; Strn3; Cask; Zc4h2; Ppp1ca; Kcnq3; Dpp6; Hnrnpa2b1; Sez6l; C4a; Enpp1; Rab2a; Gphn; Ager; Hdc; Ulk1; Cyp17a1; Ctsl; Nradd; P2rx4; Casr; Atp1b2; Srsf10; Sez6; Serpini1; Ptprk; Grm1; Chrna5; Amigo1; Grip1; Vps16; Rrm1; Prkaa1; Pi4k2a; Casp8; Slc1a2; Myo6; Katnb1; Rps6; Kcnma1; Atp2b2"
"GOCC_CELL_CELL_CONTACT_ZONE",0.126801152737752,0.985341533317411,0.213927855492356,0.360678728212478,1.32490125334736,31,"Anxa6; Ywhah; Fxyd1; Hamp2; Akap6; Jam2; Flot2; Jup; Pkp2; Rangrf"
"GOCC_CELL_DIVISION_SITE",0.212885154061625,0.985341533317411,0.159646701919906,0.341610838068988,1.18954973722456,25,"Psd; Stambp; Septin11; Cit; Katnbl1"
"GOCC_CELL_SUBSTRATE_JUNCTION",0.196141479099678,0.985341533317411,0.179782316298324,0.270346795846943,1.17863321961757,65,"Arpc2; Jak2; Git1; Lpp; Map4k4; Hmcn1; Slc9a5; Klf11; Lasp1; Pik3r2; Cpne3; Grb7; Fermt2; Parva; Arhgef7; Arl2; Adgrb1; Rsu1; Map2k2; Itga6; Nexn"
"GOCC_CELL_SURFACE",0.199754901960784,0.985341533317411,0.103576326612592,-0.233564585985894,-1.12786185296579,291,"Rps6kb1; Rnpep; Mrc1; Slamf7; Adam34l; Bgn; Anxa9; Itgbl1; Il13; Adam25; Sdc2; Dcbld2; Bmpr1a; Robo1; Entpd1; Cxcl12; Kcnk2; Egfr; C3; Nid2; Mr1; Wnt4; Aamp; Il4ra; Tgfb3; Cp; Kcnq3; Cdh2; Dpp6; Vamp4; Hjv; Enpp1; Btnl9; Dnai2; Ager; Ctsl; Adam4; Nradd; Clec4f; Lmo7; Casr; Lbp; Icam1; Atp1b2; Cacng2; Cd2; Enox1; Vcam1; Cd59b; Adam34; Scube3; Ly6k; Ano1; Ptprk; Abcb11; Pkd2l1; Ceacam20; Abca1; B2m; Tmem8b; Adam1b; Ncl; H2-K1; Slc1a2; H2-Q6; H2-Eb1; Kcnma1; Muc16"
"GOCC_CENTRIOLE",0.0957648823818968,0.985341533317411,0.287805130535564,0.294906654164104,1.29026564938812,71,"Sdccag8; Crocc; Ran; Rp2; Ift88; Fbxw8; Cchcr1; Ift20; Hap1; Sass6; Mdm1; Bbs4; Ift52; Cfap20; Cetn1; Cntln; Dync2i2; Mks1"
"GOCC_CHROMOSOMAL_REGION",0.181001283697047,0.985341533317411,0.112843355675562,-0.249699646415574,-1.15017902293578,191,"Cenpu; Kash5; Stn1; Zfp330; Tnks2; Zfp692; Phf2; Nup107; Dynlt3; Phf10; Nbn; Crebbp; Septin7; Bod1; Cenpi; Dynll1; Esco2; Fbxw11; Upf1; Kansl1; Xrcc5; Sec13; Ppp1ca; Hnrnpa2b1; Cenpq; Chmp4b; Meikin; Dync1i1; Hdac2; Alyref2; Smchd1; Suv39h2; Cenpp; Thoc6; Cenpf; H4c14; Lrwd1; Gatad2b; Sgo2a; Cenpw; Cbx3; Mad1l1; Nup37; Ska3; Cenpe; Chmp1b; Pot1a; Nuf2; Dctn5; Trappc12; Smc1a; Oip5; Cenpk; Wrap53; Dctn3; Spag5; Sycp1; Flywch1; Daxx; Phf6; H4c4; Hells; Aurkc"
"GOCC_CHROMOSOME_CENTROMERIC_REGION",0.195121951219512,0.985341533317411,0.11146266692298,-0.262773343094249,-1.15265527608674,135,"Cenpu; Zfp330; Zfp692; Phf2; Nup107; Dynlt3; Phf10; Crebbp; Septin7; Bod1; Cenpi; Dynll1; Esco2; Fbxw11; Kansl1; Sec13; Cenpq; Chmp4b; Meikin; Dync1i1; Suv39h2; Cenpp; Cenpf; H4c14; Lrwd1; Sgo2a; Cenpw; Cbx3; Mad1l1; Nup37; Ska3; Cenpe; Chmp1b; Nuf2; Dctn5; Trappc12; Smc1a; Oip5; Cenpk; Dctn3; Spag5; Sycp1; Flywch1; Daxx; Phf6; H4c4; Hells; Aurkc; Cdc20; Xpo1"
"GOCC_CHROMOSOME_TELOMERIC_REGION",0.265895953757225,0.985341533317411,0.096240602328129,-0.289328489378341,-1.12824389211998,60,"Kash5; Stn1; Tnks2; Nbn; Upf1; Xrcc5; Ppp1ca; Hnrnpa2b1; Hdac2; Alyref2; Smchd1; Thoc6; Lrwd1; Gatad2b"
"GOCC_CILIARY_BASAL_BODY",0.116541353383459,0.985341533317411,0.257206466468838,0.271632351460811,1.23516461700738,92,"Sdccag8; Pin1; Rp2; Kif17; Ift88; Bbs2; Fbxw8; Cdc45; Traf3ip1; Rpgr; Wrap73; Tsga10ip; Disc1; Kncn; Ccdc113; Cfap100; Ift20; Bbs4; Ift52; Cfap20; Ttll7; Psen2; Dync2i2"
"GOCC_CILIARY_BASE",0.282170542635659,0.985341533317411,0.096887770327544,-0.354182345271377,-1.14088422403584,25,"Pqbp1; Invs; Mok; Prkar2b; Cfap418; Cilk1; Odad2; Dnali1"
"GOCC_CILIARY_TRANSITION_ZONE",0.182634730538922,0.985341533317411,0.179782316298324,0.326334684057922,1.24627189445968,36,"Kif17; Ift88; Traf3ip1; Rpgr; Tsga10ip; Tmem80; Tmem216; Ift20; Bbs4; Ift52; Cetn1; Mks1"
"GOCC_CLATHRIN_COATED_VESICLE",0.448387096774194,0.985341533317411,0.11378726182188,0.240738515684304,1.00638743229815,55,"Gad2; Lmbrd1; Ston1; Dvl1; Dnm1; Hax1; Aftph; Vps33b; Ap1g1; Vti1a; Vamp2; Rab12; Lyz1; Cltb"
"GOCC_CLATHRIN_COATED_VESICLE_MEMBRANE",0.198347107438017,0.985341533317411,0.16440575583821,0.348813012879328,1.17978997712577,23,"Gad2; Ston1; Aftph; Ap1g1; Vamp2; Cltb"
"GOCC_CLEAVAGE_FURROW",0.249350649350649,0.985341533317411,0.140406238523342,0.355631845292672,1.16326502950415,19,"Psd; Stambp; Cit; Katnbl1; Nf2; Ankrd45; 4930544G11Rik; Mylk"
"GOCC_CLUSTER_OF_ACTIN_BASED_CELL_PROJECTIONS",0.37620578778135,0.985341533317411,0.12563992130984,0.241435372512772,1.0561916181733,68,"Slc6a14; Ift88; Bbs2; Vezt; Myo5b; Gipc1; Kncn; Mme; Shank2; Dnm1l; Ift20; Slc20a2"
"GOCC_COLLAGEN_CONTAINING_EXTRACELLULAR_MATRIX",0.170998632010944,0.985341533317411,0.120985142145252,-0.275286522868481,-1.17887426816707,112,"Tinagl1; Mfap2; Bgn; Anxa9; Plxdc2; Col6a3; Col6a4; Entpd1; Eln; Nid2; Adamtsl4; Tgfb3; Cst3; Cask; Fn1; Mfap4; Sparcl1; Col17a1; Ctsl; Col7a1"
"GOCC_COLLAGEN_TRIMER",0.286163522012579,0.985341533317411,0.096887770327544,-0.368602477259709,-1.14715990191411,22,"Col6a3; Col6a4; Col17a1; Col7a1; Dcn; Msr1; Emid1; C1qtnf3; Col9a2"
"GOCC_CONDENSED_CHROMOSOME_CENTROMERIC_REGION",0.0720108695652174,0.985341533317411,0.193813302725311,-0.307421587643592,-1.30042200666482,101,"Cenpu; Zfp692; Phf2; Nup107; Dynlt3; Phf10; Crebbp; Septin7; Bod1; Cenpi; Dynll1; Fbxw11; Kansl1; Sec13; Cenpq; Chmp4b; Meikin; Dync1i1; Cenpp; Cenpf; Lrwd1; Sgo2a; Cenpw; Cbx3; Mad1l1; Nup37; Ska3; Cenpe; Chmp1b; Nuf2; Dctn5; Trappc12; Smc1a; Cenpk; Dctn3; Spag5"
"GOCC_CONDENSED_NUCLEAR_CHROMOSOME",0.209230769230769,0.985341533317411,0.169570644405628,0.288589558995078,1.17784210917545,49,"H2ax; Ncaph; Chmp1a; Syce1l; Ncaph2; Sycp3; Mlh3; Rnf212b; Gm773; Hormad1; Psmc3ip; Topbp1; Rsph1; Syce2; Add3"
"GOCC_CORTICAL_ACTIN_CYTOSKELETON",0.174922600619195,0.985341533317411,0.128142916898415,-0.368254216361278,-1.23946479330535,30,"Myo1e; Cald1; Hip1r; Cotl1; Cdh2; Akap13; Gmfb; Dbnl; Spta1; Actr2; Gmfg"
"GOCC_CORTICAL_CYTOSKELETON",0.0672782874617737,0.985341533317411,0.213927855492356,-0.372615750387233,-1.3482681917695,42,"Myo1e; Cald1; Erc1; Hip1r; Tpm3; Cotl1; Erc2; Cdh2; Akap13; Capza1b; Gmfb; Dbnl; Spta1; Actr2; Gmfg; Tmod1; Ppp1r9b; Cttn; Ppp1r9a; Sele; Dstn; Nsmf; Cap1; Actn4"
"GOCC_CUL3_RING_UBIQUITIN_LIGASE_COMPLEX",0.173770491803279,0.985341533317411,0.132846300606183,-0.451846683703543,-1.27229608025806,15,"Kbtbd7; Kctd10; Kctd17; Klhl8; Kctd2; Klhl20; Pef1"
"GOCC_CYTOPLASMIC_DYNEIN_COMPLEX",0.329508196721311,0.985341533317411,0.0911073131586733,-0.389919849108216,-1.0979243923381,15,"Dynlt3; Dynll1; Dync1i1; Dynlrb1"
"GOCC_CYTOPLASMIC_SIDE_OF_MEMBRANE",0.403908794788274,0.985341533317411,0.121543282035469,0.238051489487892,1.04357766760475,70,"Gng4; Alox15; Micall1; Jak2; C2cd2l; Mien1; Rasa3; Ptpn3; Gng10; Bloc1s2; Jup; Esyt2; Rasal3; Dlg1; Ptpn1; Fermt2; Jak1; Kit; Efcab7"
"GOCC_CYTOSOLIC_LARGE_RIBOSOMAL_SUBUNIT",0.282442748091603,0.985341533317411,0.0959206777921745,-0.326675475052447,-1.13286118281694,35,"Rpl11; Rpl14; Rpl35; Zcchc17"
"GOCC_CYTOSOLIC_RIBOSOME",0.248571428571429,0.985341533317411,0.0995791200495904,-0.281173652392268,-1.13648609365317,74,"Rps27a; Rpl11; Rpl14; Rpl35; Zcchc17; Larp4; Rps16; Nemf; Etf1; Rps15; Rps15a; Rps4x; Rpl13a; Rps19; Rpl30; Rps25; Rps21; Rps6; Rpl15; Rps27"
"GOCC_CYTOSOLIC_SMALL_RIBOSOMAL_SUBUNIT",0.372881355932203,0.985341533317411,0.0808589150280032,-0.308544652514068,-1.05849563484816,33,"Rps27a; Larp4; Rps16; Rps15; Rps15a; Rps4x; Rps19; Rps25; Rps21; Rps6; Rps27"
"GOCC_DENDRITE_CYTOPLASM",0.308673469387755,0.985341533317411,0.123257226381337,0.371705401437247,1.11486617875388,15,"Kif17; Hnrnpu; Sod1; Baiap2"
"GOCC_DENDRITIC_SHAFT",0.155737704918033,0.985341533317411,0.186432558434075,0.375646834886237,1.25239692903328,22,"Hspa8; Arpc2; Rtn4r; Gipc1; Chrna7; Baiap2; Zmynd8"
"GOCC_DENDRITIC_TREE",0.0638377088792571,0.985341533317411,0.287805130535564,0.220357519735238,1.19958883373482,253,"Kcnip4; Strn4; Rheb; Psd; Hspa8; Kcnip2; Malat1; Kcnj6; Arpc2; Kif17; Nefh; Git1; Hnrnpu; Dvl1; Maf1; Cpeb4; Camk2n1; Ubxn1; Rtn4r; Myo5b; Abl2; Cyp46a1; Gipc1; Sod1; Hspb1; Cyp19a1; Cnn3; Aplp2; Nsg1; Mme; Igsf9; Tubb3; Shank2; Chrna7; Ago2; Rgs12; Oprd1; Ift20; Hap1; Slc8a2; Baiap2; Drd4; Slc6a6; Ift52; Dlg1; Zmynd8; Gabra1; Bnip3; Eif4a3"
"GOCC_DENSE_CORE_GRANULE",0.162729658792651,0.985341533317411,0.178219874951973,0.398732926039709,1.26578705990482,18,"Ghrl; Dvl1; Sod1; Oprd1; Plcb2"
"GOCC_EARLY_ENDOSOME_MEMBRANE",0.38109305760709,0.985341533317411,0.0774767547848578,-0.293889808979358,-1.04877074197685,38,"Slc39a14; Egfr; Mr1; Ifitm7; Washc3; Tmem163; Vps16; Pi4k2a; H2-K1; H2-Q6; Snx5; Snx1; Fcmr; Abcb6; H2-D1; Atp9a; Pld3; Cmtm6"
"GOCC_ENDOPLASMIC_RETICULUM_EXIT_SITE",0.440065681444992,0.985341533317411,0.0755015292281669,-0.347924785322773,-1.01242071907741,17,"Tmed5; Sec23b; Mia3"
"GOCC_ENDOPLASMIC_RETICULUM_GOLGI_INTERMEDIATE_COMPARTMENT",0.190546528803545,0.985341533317411,0.118815039412263,-0.343413397166185,-1.22549987221934,38,"Tm6sf2; Tmed5; Sppl3; Tmed3; Tmem199; Fn1; Ftcd; Mgat4b; Lman2l; Cnih4; Sec22b; Trappc12; Uggt1; Serpinh1; Golga3; Gnpnat1"
"GOCC_ENDOSOME_MEMBRANE",0.367588932806324,0.985341533317411,0.142901149386948,0.208247906529115,1.04119441815968,139,"Tmem184a; Anxa6; H2-Aa; Micall1; Vps4b; Chmp1a; Slc9a8; Lztr1; Vps35; Chmp3; Chmp2b; Slc9a5; Pip5k1c; Myo5b; Stx12; Clcn4; Nsg1; Atg16l1; Vac14; Mkln1; Vps33b; Rab11b; Clec16a; Bok; Vti1a; Lamp2; Rab12; Erbb2"
"GOCC_EUCHROMATIN",0.32112676056338,0.985341533317411,0.127505315300183,0.305644141167228,1.0748382319435,27,"Rrp1b; Jak2; Jun; H1f1; Rbmx"
"GOCC_EXCITATORY_SYNAPSE",0.203966005665722,0.985341533317411,0.16440575583821,0.332750257361598,1.19374039970377,29,"Kcnj6; Stxbp1; Git1; Slc17a7; Ywhah"
"GOCC_EXOCYTIC_VESICLE",0.0959409594095941,0.985341533317411,0.282013350011725,0.260682291884555,1.25782879820776,111,"Gad2; Hspa8; Arpc2; Sytl2; Amph; Ston1; Slc17a7; Atp6v1b2; Dnm1; Gipc1; Stx12; Disc1; Clcn4; Cyp19a1; Stx1a; Mme; Dnm1l; Oprd1; Vps33b; Rab11b; Vti1a; Vamp2; Atm; Dlg1; Rab12; Psen2"
"GOCC_EXTERNAL_ENCAPSULATING_STRUCTURE",0.102122015915119,0.985341533317411,0.158514105424824,-0.279008111316735,-1.23521170201025,140,"Tinagl1; Mfap2; Bgn; Anxa9; Plxdc2; Col6a3; Nyx; Col6a4; Entpd1; Eln; Phospho1; Nid2; Zan; Wnt4; Adamtsl4; Tgfb3; Cst3; Cask; Alpl; Fn1; Mfap4; Sparcl1; Col17a1; Lrrn2; Ctsl; Col7a1; Adamts19; Ovgp1; Elfn1; Muc4"
"GOCC_EXTERNAL_SIDE_OF_PLASMA_MEMBRANE",0.28843537414966,0.985341533317411,0.0880945010398517,-0.254107320403445,-1.09046501419544,113,"Rnpep; Slamf7; Adam34l; Il13; Adam25; Bmpr1a; Entpd1; Cxcl12; Mr1; Il4ra; Btnl9; Dnai2; Ctsl; Adam4; Clec4f; Icam1; Atp1b2; Cd2; Enox1; Vcam1; Cd59b; Adam34; Ano1; Abca1; B2m; Adam1b; H2-K1; H2-Q6; H2-Eb1; Kcnma1; Muc16; Abcg1; Adam24; Cd34; Clec4g; Fcgrt; Capn2; Gucy2g; Fcmr; Fcrla; Ngfr; Itgav; Vpreb1a; Slc4a3; Scube1; Sele; Ncam1; Cxcr4; Cd36; H2-D1; H2-Ab1; Flt3; Eng; Ece1"
"GOCC_EXTRACELLULAR_SPACE",0.154299175500589,0.985341533317411,0.11776578836269,-0.228112946799582,-1.13551513592647,389,"Tinagl1; Igkv2-137; Cmtm3; Kars1; Rnpep; Lhb; Lxn; Ccl28; Bgn; Fgf2; Apoa2; Col6a3; Il13; Nyx; Hdgf; C1rl; Entpd1; Rnls; Eln; Cxcl12; Ybx1; Cpq; C3; Nid2; Mr1; Zan; Fam3c; Wnt4; Ctsf; Flt1; Prss33; Il4ra; Tgfb3; C9orf72; Ero1a; Cst3; Cp; Olfml3; Zbed3; Alpl; Hnrnpa2b1; Creg1; C4a; Fn1; Mfap4; Hjv; C1qtnf4; Enpp1; Nrg1; Sparcl1; Ptgds; Col17a1; Ager; Lrrn2; Ctsl; Wfikkn1; Pla2g10; Col7a1; Plbd1; Klk1b4; Klk1b27; Inhca; Elfn1; Muc4; Lbp; Icam1; Metrn; Vcam1; Cd59b; Adprh; Vegfd; Scube3; Crispld2; Aqp2; Serpini1; Chid1; Slmap"
"GOCC_EXTRINSIC_COMPONENT_OF_MEMBRANE",0.358803986710963,0.985341533317411,0.131457611642763,0.239564296448728,1.06049916754257,76,"Gng4; Stxbp1; Jak2; Amph; Cdh5; Nptx2; Atp6v1b2; Pik3r6; Emc2; Gng10; Vac14; Jup; Pik3r2; Atm; C1qa; Socs7; Jak1; C1qb; Atp6v1a"
"GOCC_EXTRINSIC_COMPONENT_OF_PLASMA_MEMBRANE",0.332344213649852,0.985341533317411,0.128788713061714,0.277336993613227,1.0947050244774,41,"Gng4; Stxbp1; Jak2; Cdh5; Nptx2; Gng10; Jup; C1qa; Jak1; C1qb"
"GOCC_FIBRILLAR_CENTER",0.357388316151203,0.985341533317411,0.134273452883202,0.236558766755676,1.05065842149328,83,"Polr1g; Rreb1; Nufip1; Rpp38; Smarca5; Exosc8; Mbd6; Lipa; Paf1; Nop53; Nfic; Eif3l; Fbl; Ptpn13; Deaf1; Ttf1; Stox1; Nono; Pak6"
"GOCC_GLUTAMATERGIC_SYNAPSE",0.381707317073171,0.985341533317411,0.0676760401641789,-0.213201632875505,-1.02861835602866,276,"Rps6kb1; Parn; Cald1; Prkcz; Creld1; Sh3gl1; Erc1; Efr3a; Dixdc1; Septin7; Vps26b; Hip1r; Ywhaz; Plxnd1; Ppp3ca; Ap2s1; Nedd4; Tenm3; Mapk10; Sumo1; Rela; Ogt; Erc2; Doc2b; C9orf72; Prkar2b; Ppp1ca; Cdh2; Hnrnpa2b1; Sez6l; Chmp4b; Snap23; Nrg1; Sparcl1; Slc17a5; Vangl2; Stk38l; Inpp4a; Shisa7; Ppfia2; Elfn1; Casr; Praf2; Ap3m2; Cacng2; Elavl1"
"GOCC_GOLGI_APPARATUS_SUBCOMPARTMENT",0.421641791044776,0.985341533317411,0.128142916898415,0.209855597937441,1.0199165716204,122,"Gga1; Slc39a9; Ift88; Plekhj1; Slc9a8; Cit; Gosr1; Aftph; Pcsk4; Pam; Bpnt2; Nsg1; Ccdc186; Mme; Pcsk1n; Mgat4d; Birc6; Tmbim4; Ap1g1; Bok; Vamp2; Lamp2; Mgat4a; Lyz1; Csgalnact2; Arl1; Cltb; Atp2c1; Scamp2; Nucb2; Adam10; Ap4e1; Gcc2; Glg1; Myo1b; Arf1"
"GOCC_GOLGI_ASSOCIATED_VESICLE",0.294642857142857,0.985341533317411,0.0919686140000427,-0.311316882310602,-1.12373989897916,40,"Sppl3; Tmed3; Map6; Tmem199; Erc2; Actr1a; Stk26; Spg21; Acr; Sec22b; Sppl2a; Gopc; Lyz2; Vps41"
"GOCC_GOLGI_ASSOCIATED_VESICLE_MEMBRANE",0.416531604538088,0.985341533317411,0.0776798560117236,-0.347695387323588,-1.03978119810984,19,"Sppl3; Tmed3; Tmem199"
"GOCC_H4_HISTONE_ACETYLTRANSFERASE_COMPLEX",0.329508196721311,0.985341533317411,0.0911073131586733,-0.389592961568838,-1.09700395239677,15,"Dmap1; Msl3l2; Kansl1; Ogt"
"GOCC_HETEROCHROMATIN",0.416666666666667,0.985341533317411,0.11101149245045,0.254709929589145,1.02204723215447,42,"Rrp1b; Cenpa; Smarca5; Chrac1; Nop53; Cenpc1"
"GOCC_HISTONE_ACETYLTRANSFERASE_COMPLEX",0.433333333333333,0.985341533317411,0.0721797965581253,-0.293869252692789,-1.00751922756484,32,"Dmap1; Crebbp; Msl3l2; Kansl1; Mbip; Ogt; Taf10"
"GOCC_HISTONE_DEACETYLASE_COMPLEX",0.0861111111111111,0.985341533317411,0.257206466468838,0.363987850796812,1.37870507918518,34,"Hdac4; Rbbp4; Sinhcaf; Zfp541; Zfp217; Cfdp1; Trrap; Brms1; Mta3"
"GOCC_IMMUNOLOGICAL_SYNAPSE",0.0788177339901478,0.985341533317411,0.204294756516886,-0.497604359581064,-1.44797089714591,17,"Stoml2; Icam1; Socs6; H2-Eb1; Cracr2a; Ezr; Prkar1a; Stx7; Pdcd6ip; Cd81; Nedd9; Ptprj; Cd37; Crtam; Arhgdia"
"GOCC_INCLUSION_BODY",0.203703703703704,0.985341533317411,0.158514105424824,0.34011925119744,1.17701365425287,24,"Nefh; Nub1; Tpr; Hap1; Stub1"
"GOCC_INTERCALATED_DISC",0.0570988178596159,0.985341533317411,0.321775918075361,0.440258415980099,1.46781028601376,22,"Anxa6; Ywhah; Fxyd1; Hamp2; Akap6; Jup; Pkp2; Rangrf; Atp1b1; Slc2a1; Pak1; Camk2d; Gja6"
"GOCC_KINESIN_COMPLEX",0.078125,0.985341533317411,0.261663521711573,0.43347435661571,1.43152056832867,20,"Kif17; Kif20a; Klc4; Klc2; Disc1; Kif7; Kif21b; Kif18a; Kif5b; Kif20b; Kifc2"
"GOCC_LATERAL_PLASMA_MEMBRANE",0.203166226912929,0.985341533317411,0.158514105424824,0.361480186842646,1.20411438910386,21,"Ppp2r1a; Dvl1; Nsg1; Anxa1; Jup; Dlg1"
"GOCC_LATE_ENDOSOME_MEMBRANE",0.393939393939394,0.985341533317411,0.118287526124085,0.265641219340442,1.0423180300727,40,"Anxa6; H2-Aa; Chmp1a; Slc9a8; Chmp3; Chmp2b"
"GOCC_LYTIC_VACUOLE",0.426108374384236,0.985341533317411,0.0628003977812234,-0.214317945534719,-1.01203921975314,229,"Ncoa4; Tinagl1; Hyal3; Tcirg1; Wdr24; Ifnar1; Slc39a14; Mreg; Cpq; Ifitm7; Sphk2; Ctsf; Slc39a8; Plbd2; Vps11; Sec13; C9orf72; Hps4; Nprl2; Creg1; Chmp4b; Pgap6; Pip4p2; Abcd1; Wdr45b; Snap23; Slc17a5; Ctsl; Tpp1; Pla2g10; Plbd1; P2rx4; Ifitm1; Vps26a; Flcn; Tmem106b; Vps36; Tmem163; Tmem150c; Chid1; Tmem45b; Cyb561; Hgsnat; Vps16; B2m; H2-K1; Pip4k2a; H2-Q6; Ctsd; Gla; Ostm1; H2-Eb1; Chmp1b; Lamtor2; Gaa; Bloc1s1; Snx1; Tm6sf1; Gzmn; Ank2; Cd34"
"GOCC_MEDIATOR_COMPLEX",0.380032206119163,0.985341533317411,0.0822054920415869,-0.361434828544743,-1.06990702918945,18,"Med7; Ccnc; Med29; Med17; Med14; Med20; Med22; Med4; Med12"
"GOCC_MEMBRANE_COAT",0.231563421828909,0.985341533317411,0.105920292736253,-0.308719914591502,-1.15378790460519,47,"Clint1; Eps15l1; Sec23b; Tmed3; Ap2s1; Vps11; Sec13; Chmp4b; Ap3m2; Sclt1; Ap4s1; Vps16"
"GOCC_MICROTUBULE",0.428571428571429,0.985341533317411,0.148261500475107,0.190808418148569,1.01043136652542,216,"Hspa8; Ift70a1; Gabarap; Igbp1; Fam110a; Bex4; Kif17; Katna1; Kif20a; Hnrnpu; Klc4; Dvl1; Chmp1a; Dctn2; Selenos; Chmp3; Chmp2b; Dnm1; Haus6; Trip10; Tektip1; Klc2; Sybu; Kif26a; Disc1; Nudc; Tubb3; Iqgap2; Dnm1l; Atat1; Haus2; Slc8a2; Mtus2; Baiap2; Mdm1; Enkur; Cfap20; Dlg1; Ttll7; Ska1; Fkbp4; Dynlrb2; Tubb5; Clip2; Tektl1"
"GOCC_MICROTUBULE_ASSOCIATED_COMPLEX",0.410596026490066,0.985341533317411,0.121543282035469,0.233785030484502,1.02819347995348,74,"Gabarap; Kif17; Katna1; Kif20a; Klc4; Dctn2; Tpr; Haus6; Klc2; Katnbl1; Disc1; Fnta"
"GOCC_MICROTUBULE_ORGANIZING_CENTER",0.310810810810811,0.985341533317411,0.208955027549354,0.183150161029957,1.03737452383895,384,"Resf1; Sdccag8; Crocc; H2ax; Ift70a1; Dnajb3; Ran; Fam110a; Pin1; Rp2; Kif17; Nfs1; Katna1; Ift88; Git1; Vps4b; Bbs2; Hnrnpu; Mzt2; Chmp1a; Dctn2; Fbxw8; Nup62; Cdc45; Haus6; Traf3ip1; Rpgr; Wrap73; Ttc28; Tsga10ip; Katnbl1; Disc1; Spout1; Kncn; Cluap1; Cchcr1; Ccdc113; Cfap100; Pja2; Bloc1s2; Birc6; Ift20; Hap1; Haus2; Tchp; Mtus2; Sass6; Mdm1; Bbs4; Drd4; Ak6; Atm; Ift52; Stox1; Cfap20; Mplkipl1; Dyrk3; Ttll7; Nfe2l2; Gen1; Psen2; Cetn1; Cntln; Dync2i2; Ska1; Ecpas; Nr0b1; Dynlrb2; Slc25a54"
"GOCC_MICROVILLUS",0.441260744985673,0.985341533317411,0.107140237276725,0.248739715401548,1.0091736941684,43,"Bbs2; Slc7a8; Atp6v1b2; Iqgap2; Ift20; Pdgfa; Tgfb1; Wwox; Slc6a6; Dlg1; Erbb2; Lyz1; Cbr1; Nherf1; Atp6v1a"
"GOCC_MIDBODY",0.13745704467354,0.985341533317411,0.224966093540314,0.270423787869136,1.20106743027736,83,"Ran; Pin1; Katna1; Kif20a; Vps4b; Hnrnpu; Chmp1a; Nup62; Chmp3; Cit; Chmp2b; Ankrd54; Ttc28; Katnbl1; Cenpc1; Nudc; Birc6; Ptpn13"
"GOCC_MITOTIC_SPINDLE_POLE",0.264462809917355,0.985341533317411,0.140406238523342,0.331602786202544,1.12157984107114,23,"Katna1; Git1; Ttc28; Katnbl1; Arhgef7; Hsf1; Kat5; Kif20b; Fam161a; Gpsm2; Bccip"
"GOCC_MONOATOMIC_ION_CHANNEL_COMPLEX",0.348837209302326,0.985341533317411,0.14551614609036,0.230792461141457,1.05500233937264,95,"Kcnip4; Kcnip2; Kcnj6; Smdt1; Tmem249; Slc17a7; Catsper4; Ttyh3; Pacc1; Akap6; Efcab9; Stx1a; Chrna7; Ptpa; Pkd1l3; Vamp2; Kcnmb3; Gabra1; Lrrc26; Kcnab3; Catsperg1"
"GOCC_MULTIVESICULAR_BODY",0.337110481586402,0.985341533317411,0.124434168630393,0.30364402478073,1.06080750270683,26,"Bst2; Chmp1a; Slc9a8; Chmp3; Chmp2b"
"GOCC_NEURONAL_DENSE_CORE_VESICLE",0.280612244897959,0.985341533317411,0.130105630751129,0.377215503747847,1.1313927793462,15,"Ghrl; Dvl1; Oprd1; Plcb2"
"GOCC_NEURON_PROJECTION",0.128112535193213,0.985341533317411,0.249246554383295,0.192090910425696,1.11300230341016,479,"Adgrl3; Kcnip4; Strn4; Rheb; Psd; Gad2; Hspa8; Sdccag8; Reep6; Kcnip2; Malat1; Kcnj6; Ppp2r1a; Ghrl; Arpc2; Stxbp1; Kif17; Nefh; Katna1; Ift88; Git1; Ufl1; Amph; Bbs2; Slc38a1; Hnrnpu; Dvl1; Maf1; Cpeb4; Dctn2; Slc17a7; Camk2n1; Vps35; Ubxn1; Dnm1; Slc9a5; Rtn4r; Myo5b; Abl2; Klc2; Uchl1; Cyp46a1; Gipc1; Rtn4rl2; Tnfrsf21; Rpgr; Tsga10ip; Disc1; Sod1; Kncn; Hspb1; Jam2; Cyp19a1; Adam22; Cnn3; Aplp2; Nmnat3; Nsg1; Stx1a; Rap1a; Mme; Igsf9; Tubb3; Shank2; Chrna7; Rd3; Ago2; Rgs12; Oprd1; Pawr"
"GOCC_NEURON_PROJECTION_TERMINUS",0.270967741935484,0.985341533317411,0.151148761385484,0.264476555217721,1.13074581303662,60,"Hspa8; Arpc2; Git1; Amph; Uchl1; Cyp19a1; Mme; Oprd1; Hap1; Slc8a2; Baiap2; Vti1a; Drd4; Vamp2"
"GOCC_NEURON_SPINE",0.11340206185567,0.985341533317411,0.248911114434702,0.277648016537107,1.23315331233065,83,"Strn4; Psd; Hspa8; Arpc2; Dvl1; Slc9a5; Myo5b; Abl2; Gipc1; Cyp19a1; Cnn3; Aplp2; Shank2; Chrna7; Oprd1; Slc8a2; Baiap2; Drd4"
"GOCC_NEURON_TO_NEURON_SYNAPSE",0.308035714285714,0.985341533317411,0.16823816568964,0.202729786793922,1.05959410959536,182,"Rheb; Psd; Hspa8; Hnrnph2; Septin11; Nefh; Gsg1l; Dvl1; Cpeb4; Eif3e; Hnrnph1; Camk2n1; Vps35; Ywhah; Chmp2b; Pip5k1c; Stat3; Disc1; Hspb1; Adam22; Stx1a; Shank2; Chrna7; Oprd1; Mkln1; Rpl10a; Rbmx; Slc8a2; Baiap2; Vti1a"
"GOCC_NUCLEAR_ENVELOPE",0.167095115681234,0.985341533317411,0.118287526124085,-0.252969569265886,-1.15925435290932,182,"Cmtm3; Kash5; Abcf1; Prkcz; Tnks2; Nup107; Ebp; Pom121l2; Dpy19l2; Gtf3c3; Sigmar1; Nup50; Fbxw11; Sumo1; Sec13; Retsat; C9orf72; Mrps14; Cst3; Tmem18; Chmp4b; Lmnb2; Atr; Dpy19l1; Nradd; Mad2l1bp; Inpp4a; Smox; Lmo7; Parp6; Cenpf; Akirin1; Cbx3; Mad1l1; Eny2; Rrm1; Clic1; Nup37; Fancl; Smpd4; Myo6; Dhx37; Tmem33; Chmp1b; Stau2; Parp8; Dctn5"
"GOCC_NUCLEAR_MEMBRANE",0.139755766621438,0.985341533317411,0.135002033828631,-0.28742748985955,-1.21964383595147,102,"Cmtm3; Kash5; Nup107; Ebp; Dpy19l2; Gtf3c3; Nup50; Sumo1; Retsat; C9orf72; Mrps14; Cst3; Tmem18; Lmnb2; Dpy19l1; Mad2l1bp; Inpp4a; Smox; Cenpf; Akirin1"
"GOCC_NUCLEAR_PORE",0.265060240963855,0.985341533317411,0.147331213699377,0.302189956888139,1.16256830864521,37,"Ran; Vps4b; Chmp1a; Nup62; Chmp3; Chmp2b; Tpr"
"GOCC_NUCLEAR_SPECK",0.444915254237288,0.985341533317411,0.133554954557592,0.192574810076411,1.00014390369565,174,"Hdac4; Aagab; H2ax; Malat1; Rreb1; Vps72; Srsf1; Wtap; Itpkc; Sdcbp2; Hnrnpu; Thoc1; Srrm2; Rexo4; Nsrp1; Gtf2h2; Dnaaf1; Zfp217; Zfp830; Srsf2; Luc7l3; Prpf3; Dazap2; Cbll1; Hspb6; Snrnp70; Ak6; Pomp; Dyrk3; Cdyl; Mettl3; Eapp; Nr0b1; Basp1; Wbp11; Cdc34; Sf3a1; Lmna; Fam76a; Poli; Ogg1; Rbm8a; Rsrc1; Dzip1; Gtf2h4; Klf15; Ylpm1; Rbm14; Nampt; Api5; Rbm15b; Nrip1"
"GOCC_NUCLEAR_UBIQUITIN_LIGASE_COMPLEX",0.290571870170015,0.985341533317411,0.0949751525905595,-0.336596278797709,-1.10741895694022,27,"Anapc13; Bard1; Brcc3; Ube2s; Pcgf3; Rnf2; Phc3; Cdc20; Cbx4; Brcc3dc"
"GOCC_NUCLEOID",0.235127478753541,0.985341533317411,0.152144922367565,0.333321963330346,1.16449002997224,26,"Top1mt; Supv3l1; Trmt10c; Dbt; Polrmt; Elac2; Tufm"
"GOCC_NUCLEOSOME",0.448795180722892,0.985341533317411,0.109250039480711,0.262598508685626,1.01025430242346,37,"H2ax; Vps72; Cenpa; H2ap; Trrap; H1f1"
"GOCC_ORGANELLE_ENVELOPE_LUMEN",0.288922155688623,0.985341533317411,0.0934449219410994,-0.321151832620806,-1.12420042949816,36,"Stoml2; Ndufs1; Cox17; Timm23; Alpl; Chchd10; Nradd; Cycs; Immt; Bloc1s1; Thop1; Pnpt1; Uqcc2; Mix23"
"GOCC_ORGANELLE_MEMBRANE_CONTACT_SITE",0.186351706036745,0.985341533317411,0.165656695205483,0.393245956676613,1.24836854649815,18,"Atg2a; C2cd2l; Atg16l1; Esyt2; Acsl4"
"GOCC_OUTER_KINETOCHORE",0.133004926108374,0.985341533317411,0.154190966581424,-0.467663362050757,-1.35158142685268,16,"Crebbp; Bod1; Cenpf; Ska3; Cenpe; Nuf2"
"GOCC_PCG_PROTEIN_COMPLEX",0.325471698113208,0.985341533317411,0.0894366833718621,-0.356984125985763,-1.11100141810004,22,"Kdm2b; Phf1; Scml2; Hdac2; Zfp143; Eed; Pcgf3; Rnf2; Asxl3; Phc3; Bap1; Cbx4"
"GOCC_PERICENTRIC_HETEROCHROMATIN",0.304461942257218,0.985341533317411,0.126253987849115,0.35171108346376,1.11651511375109,18,"Cenpa; Smarca5; Chrac1; Cenpc1"
"GOCC_PERIKARYON",0.298461538461538,0.985341533317411,0.139599673451922,0.287563000214029,1.10856221913808,38,"Hspa8; Arpc2; Nefh; Rtn4rl2; Hspb1; Pam"
"GOCC_PERINUCLEAR_REGION_OF_CYTOPLASM",0.198757763975155,0.985341533317411,0.104732821580651,-0.235853654977385,-1.12864332803275,265,"Rps6kb1; Prkcz; Rasip1; Tnks2; Sgk1; Sec23b; Daam1; Eif2ak3; Ybx1; Aplp1; Hip1r; Pde4d; Ywhaz; Aldh1a2; Hmbs; Egfr; Hif1an; Eif2ak2; Ttbk1; Map6; Nedd4; Adcy10; Ryr3; Gsdma; Ggps1; Prkar2b; Cst3; Arhgap1; Cask; Cops5; Odc1; Stk26; Abcd1; Fignl1; Rab2a; Taf10; Dync1i1; Cntrl"
"GOCC_PHOTORECEPTOR_CONNECTING_CILIUM",0.306010928961749,0.985341533317411,0.128788713061714,0.331143806038756,1.1040249703606,22,"Kif17; Ift88; Rpgr; Tsga10ip; Ift20; Bbs4; Ift52; Cetn1"
"GOCC_PLASMA_MEMBRANE_RAFT",0.43026706231454,0.985341533317411,0.11101149245045,0.254162547450862,1.00323081354396,41,"Jak2; Fxyd1; Trem2; Akap6; Flot2; Chrna7; Ptpn11; Cavin3; Rangrf; Adcyap1r1; Atp1b1; Prkar2a; Kif18a; Slc2a1; Cavin4"
"GOCC_PLASMA_MEMBRANE_REGION",0.4375,0.985341533317411,0.166933848713193,0.174596309920923,1.00268689138905,419,"Adgrl3; Slc6a14; Psd; Tmub1; Hspa8; Anxa6; Bst2; Kcnj6; Arpc2; Stxbp1; Stambp; Rp2; Jak2; Kif17; Cldnd1; Gsg1l; Mpz; Bbs2; Slc38a1; Nptx2; Slc9a8; Slc7a8; Atp6v1b2; Cit; Dnm1; C2cd2l; Adam39; Mpp3; Slc9a5; Pip5k1c; Hax1; Fxyd1; Trem2; Jag1; Katnbl1; Akap6; Twf1; Kncn; Hspb1; Adam22; Nsg1; Stx1a; Anxa1; Flot2; Shank2; Chrna7; Dnm1l; Jup; Slco1a4; Oprd1; Prkab2; Mkln1; Sh3bgrl3; Slc8a2; Slc20a2; Baiap2; Bbs4; Ptpn11; Drd4; Dstyk; Cavin3; Acy3; Slc6a6; Itpk1; Dlg1; Erbb2; Gabra1; Psen2; Rangrf; Adcyap1r1; C1qa; Lin7c; Nf2; Cltb; Tgfa"
"GOCC_PML_BODY",0.283333333333333,0.985341533317411,0.0952879846194844,-0.327963443465969,-1.12440982580702,32,"Topors; Nbn; Crebbp; Top3a; Sumo1; Slf2; Atr"
"GOCC_PODOSOME",0.441707717569787,0.985341533317411,0.0753093764172773,-0.345692053753027,-1.00592372950752,17,"Palld; Ptpn12; Tpm3; Vcam1; Dbnl; Actr2; Vcl"
"GOCC_POLYMERIC_CYTOSKELETAL_FIBER",0.403508771929825,0.985341533317411,0.16823816568964,0.184301643728193,1.02478998436752,310,"Tlk2; Hspa8; Ift70a1; Gabarap; Igbp1; Fam110a; Krt33b; Arpc2; Bex4; Kif17; Nefh; Katna1; Kif20a; Hnrnpu; Klc4; Dvl1; Chmp1a; Dctn2; Selenos; Chmp3; Chmp2b; Dnm1; Haus6; Trip10; Tektip1; Klc2; Sybu; Synm; Kif26a; Disc1; Twf1; Acta1; Anxa1; Nudc; Tubb3; Iqgap2; Krt87; Shank2; Dnm1l; Jup; Pawr; Pstpip2; Atat1; Haus2; Slc8a2; Tchp; Mtus2; Baiap2; Mdm1; Enkur; Cfap20; Dlg1; Ttll7; Pkp2; Myo9a; Gas2; Ska1; Fkbp4; Dynlrb2; Tubb5; Clip2; Tektl1; Krt42; Cimip2c; Mtcl2; Rsph1; Lmna; Cfap45; Kif7; Dnal1; Nme1; Efhc1; Map2k2; Kif21b; Tpm4; Kif18a; Myo1b; Reep4; Spmip10; Tmod3; Dcdc2a; Twf2; Kif5b; Coro1b; Pdlim1; Golga2; Tpt1; Tpgs2; Gck; Abi2; Kif11; Fbf1; Ctsh; Kif20b; Dync2h1; Pak1; Actb; Pdlim2; Bcas3; Dnah3; Dync2li1; Ndrg1; Kifc2; Mta1; Dusp21; Map1lc3b; Nme7; Togaram1; Fam161a; Zfp207; Zw10"
"GOCC_POSTSYNAPSE",0.149700598802395,0.985341533317411,0.287857117255149,0.194014015358841,1.09820971206817,362,"Adgrl3; Strn4; Rheb; Psd; Tmub1; Rpsa; Hspa8; Hnrnph2; Pin1; Kcnj6; Arpc2; Stxbp1; Septin11; Jak2; Kif17; Nefh; Gsg1l; Git1; Arhgap39; Dvl1; Nptx2; Cpeb4; Eif3e; Hnrnph1; Camk2n1; Vps35; Chmp2b; Vezt; Slc9a5; Pip5k1c; Myo5b; Abl2; Cyp46a1; Gipc1; Stat3; Stx12; Disc1; Hspb1; Cyp19a1; Adam22; Cnn3; Aplp2; Nsg1; Stx1a; Shank2; Chrna7; Oprd1; Mkln1; Rps20; Rpl10a; Hap1; Rps2; Rbmx; Slc8a2; Lasp1; Baiap2; Rpl34; Drd4; Slc6a6; Dlg1; Zmynd8; Erbb2; Gabra1; Pak6; Bnip3; Myo9a; Rpl7a; C1qa; Lin7c; Ngdn; Cltb; Rpl36; Als2; Rpl5"
"GOCC_POSTSYNAPTIC_CYTOSOL",0.394654088050314,0.985341533317411,0.0789209638180035,-0.341204512332432,-1.06189230688252,22,"Aldoc; Nedd4; Sumo1; Ogt; Hnrnpa2b1"
"GOCC_POSTSYNAPTIC_MEMBRANE",0.0470582917803804,0.985341533317411,0.321775918075361,0.28040063847874,1.32797795056123,104,"Adgrl3; Tmub1; Hspa8; Gsg1l; Nptx2; Slc9a5; Hspb1; Adam22; Nsg1; Stx1a; Shank2; Chrna7; Oprd1; Mkln1; Slc8a2; Drd4; Slc6a6; Dlg1; Erbb2; Gabra1; C1qa; Lin7c"
"GOCC_POSTSYNAPTIC_SPECIALIZATION",0.195744680851064,0.985341533317411,0.208955027549354,0.215328439167377,1.11465876730006,172,"Rheb; Psd; Hspa8; Hnrnph2; Septin11; Nefh; Gsg1l; Dvl1; Nptx2; Cpeb4; Eif3e; Hnrnph1; Camk2n1; Vps35; Chmp2b; Pip5k1c; Stat3; Disc1; Hspb1; Adam22; Stx1a; Shank2; Chrna7; Oprd1; Mkln1; Rpl10a; Rbmx; Slc8a2; Baiap2"
"GOCC_POSTSYNAPTIC_SPECIALIZATION_MEMBRANE",0.210365853658537,0.985341533317411,0.16823816568964,0.288424535660135,1.17898134443487,48,"Hspa8; Gsg1l; Nptx2; Hspb1; Adam22; Stx1a; Chrna7; Oprd1; Mkln1; Dlg1; Gabra1"
"GOCC_PRESYNAPTIC_ACTIVE_ZONE",0.288659793814433,0.985341533317411,0.0925528864684773,-0.314600980223091,-1.12869450520282,39,"Erc1; Tenm3; Erc2; Vps11; Cdh2; Nrg1; Ppfia2; Pnisr; Grip1; Pi4k2a; Kcnma1; Arhgap44; Atp2b2; Napa; Ppfibp2; Ntng1; Ctnna2; Lpar2; Vdac1; Osbpl2"
"GOCC_PROTEASOME_COMPLEX",0.434514637904468,0.985341533317411,0.0728938564822936,-0.293246232857192,-1.00601275985767,33,"Psmd13; Psmb5; Psmb6; Psmc1; Psma8; Sem1; Psme1"
"GOCC_PROTEIN_FOLDING_CHAPERONE_COMPLEX",0.206611570247934,0.985341533317411,0.160801401070022,0.347279269172746,1.17460239700206,23,"Hspa8; Dnajb11; Psmg2; Ccdc47; Stub1"
"GOCC_PROTON_TRANSPORTING_V_TYPE_ATPASE_COMPLEX",0.197044334975369,0.985341533317411,0.12384217120105,-0.433381267941398,-1.25250365974122,16,"Tcirg1; Tmem199; Atp6v0e2; Atp6ap1l; Atp6v0e; Atp6v1g2; Atp6v1e1"
"GOCC_REPLICATION_FORK",0.0541595224622596,0.985341533317411,0.321775918075361,0.381565968761401,1.45336652912984,35,"Parp1; H2ax; Mms22l; Smarca5; Wdhd1; Rfc3; Xpa"
"GOCC_RESPIRATORY_CHAIN_COMPLEX_IV",0.413793103448276,0.985341533317411,0.0787113806986485,-0.355238112114547,-1.03370165070896,17,"Cox7a2; Cox6c; Cox7a2l; Cox6b2; Cox4i1; Cox7b; Cox6a1; mt-Co2; Uqcrfs1"
"GOCC_RIBBON_SYNAPSE",0.0755564735933889,0.985341533317411,0.287805130535564,0.497946369798908,1.49350416855806,15,"Hspa8; Amph; Dnm1"
"GOCC_RIBONUCLEOPROTEIN_COMPLEX",0.373417721518987,0.985341533317411,0.183023938384487,0.178821992856595,1.01859320765893,408,"Rrp1b; Ago1; Rheb; Bud31; Rpsa; Hspa8; Snrpc; Hnrnph2; Pin4; Lsm14a; Mir219a-1; Prpf18; Tbl3; Nufip1; Rpp38; Utp11; Srsf1; Jrk; Ess2; Trmt10c; Snrnp27; Hnrnpu; Srrm2; Cpeb4; Riok2; Hnrnph1; Nup62; Ssb; Nsrp1; Mir505; Imp3; Zfp830; Rpl32l; Mir326; Mir455; Eif1; Mir150; Srsf2; Mrpl38; Secisbp2l; Luc7l3; Prpf3; Ago2; Slirp; Fbl; Rps20; Rpl10a; Larp7; Dcp2; Rps2; Rbmx; Larp6; Raly; Rpl34; Snrnp70; Mrpl21; Mir194-1; Secisbp2; Rpp14; Hnrnph3; Mrps18c; Sf3b6; Eif4a3; Gpkow; Rpl7a; Fcf1; Ngdn; Mir194-2; Mrps22; Rpl36; Rpl5; Eefsec; Nsun4; Mrps33; Htatsf1; Mrps10; Cwc27; Hsf1; Dnttip2; Sf3a1; Lsm7; Mir181c; Mrps21; Rpl36a; Hnrnpll; Hnrnpa0; Rbm8a; Cirbp; Gpatch1; Mrpl46; Tarbp2; Rps24; Rbm17; Pno1"
"GOCC_RNA_POLYMERASE_COMPLEX",0.268608414239482,0.985341533317411,0.152144922367565,0.265245921279218,1.12589870554829,59,"Polr1g; Polr3d; Taf8; Gtf2a1l; Polr3gl; Gtf2h2; Paf1; Trrap; Polrmt; Polr2g; Gtf2e1; Taf5; Tada3; Gtf2a1; Primpol; Supt3"
"GOCC_RNA_POLYMERASE_II_TRANSCRIPTION_REGULATOR_COMPLEX",0.202247191011236,0.985341533317411,0.191892240384838,0.239292690103976,1.15663897006905,113,"Nr1h3; Taf8; Gtf2a1l; Hnrnpu; Cebpg; Jun; Med21; Gtf2h2; Stat3; Hipk2; Trrap; Smad5; Tle4; Mafg; Deaf1; Jund; Wwox; Stat5b; Nfe2l2; Nono; Gtf2e1; Taf5; Tada3; Gtf2a1; Supt3; Xbp1; S100a10; Atf6b; Lmo4; Pbx1; Hmga1; Gtf2h3; Gtf2h4; Bach2; Taf6l; Atf1-ps; Rxra; Tead2; Atf7; Pou2af1; Rxrb; Tcea1"
"GOCC_SCHAFFER_COLLATERAL_CA1_SYNAPSE",0.0818716664418445,0.985341533317411,0.287805130535564,0.317386249736152,1.33637122243691,58,"Adgrl3; Ghrl; Arpc2; Nefh; Gsg1l; Dvl1; Myo5b; Gipc1; Stat3; Stx1a"
"GOCC_SECRETORY_GRANULE_MEMBRANE",0.370786516853933,0.985341533317411,0.117249716749792,0.291021443438148,1.05754798475479,30,"Tmem184a; Ift88; Pcsk4; Flot2; Sparc; Glipr1l1; Vamp2; Lamp2"
"GOCC_SEX_CHROMOSOME",0.45125786163522,0.985341533317411,0.072003313661988,-0.324108364578841,-1.00868589512447,22,"Esco2; Sumo1; Scml2; Atr; Smchd1; Eed; Pcgf3; Rnf2; H2az1; Daxx; Mael; Pbx4; Birc2"
"GOCC_SITE_OF_DNA_DAMAGE",0.381703470031546,0.985341533317411,0.123257226381337,0.242773703584483,1.04638885252177,61,"Parp1; H2ax; Mms22l; Smarca5; Ufl1; Shld2; Fh1; Xrcc4; Ercc6; Cntd1; Atm; Zmynd8; Peli1; Topbp1; Htatsf1; Lmna; Kat5"
"GOCC_SITE_OF_DOUBLE_STRAND_BREAK",0.182098765432099,0.985341533317411,0.183023938384487,0.304620887374026,1.22909009027228,45,"Parp1; H2ax; Mms22l; Smarca5; Ufl1; Shld2; Fh1; Xrcc4; Cntd1; Atm; Peli1; Topbp1; Htatsf1; Lmna; Kat5"
"GOCC_SMALL_SUBUNIT_PROCESSOME",0.156342182890855,0.985341533317411,0.132846300606183,-0.331713589954196,-1.22546799222468,45,"Rps27a; Imp4; Xrcc5; Rps16; Rrp7a; Wdr36; Utp20; Heatr1; Rps15a; Rps4x; Rps19; Nol10; Krr1; Rps6; Dhx37; Rps27; Utp3; Nop58"
"GOCC_SOMATODENDRITIC_COMPARTMENT",0.142386692833455,0.985341533317411,0.249246554383295,0.195293456249971,1.10809069305451,363,"Kcnip4; Strn4; Rheb; Psd; Gad2; Rpsa; Hspa8; Kcnip2; Malat1; Slc25a27; Kcnj6; Ppp2r1a; Arpc2; Kif17; Nefh; Katna1; Git1; Slc38a1; Hnrnpu; Dvl1; Maf1; Cpeb4; Camk2n1; Vps35; Ubxn1; Cit; Rtn4r; Myo5b; Abl2; Uchl1; Cyp46a1; Gipc1; Rtn4rl2; Sod1; Kncn; Hspb1; Jam2; Cyp19a1; Cnn3; Pam; Aplp2; Nmnat3; Nsg1; Mme; Igsf9; Tubb3; Shank2; Chrna7; Ago2; Rgs12; Oprd1; Pawr; Ift20; Pmm2; Hap1; Slc8a2; Baiap2; Vti1a; Drd4; Tgfb1; Slc6a6; Ift52; Dlg1; Zmynd8; Gabra1; Psen2; Acsl4; Bnip3; Eif4a3"
"GOCC_SPERM_HEAD",0.277504105090312,0.985341533317411,0.101350743797099,-0.39800914010648,-1.15027561519164,16,"Adam34l; Adam25; Plcz1; Adam4; Adam34; Adam1b; Adam24"
"GOCC_SPERM_PLASMA_MEMBRANE",0.349753694581281,0.985341533317411,0.0878312634480124,-0.378031074878629,-1.09253754097516,16,"Adam34l; Adam25; Adam4; Adam34; Adam1b; Adam24"
"GOCC_SPERM_PRINCIPAL_PIECE",0.0814249363867685,0.985341533317411,0.252961123069611,0.463954755161805,1.4500621095373,17,"Spag6; Tmem249; Catsper4; Efcab9; Enkur; Catsperg1"
"GOCC_SPINDLE",0.426086956521739,0.985341533317411,0.13880510939114,0.191314594474241,1.00180945232596,181,"Pin4; Lsm14a; Fam110a; Bex4; Katna1; Git1; Kif20a; Vps4b; Hnrnpu; Fbxo5; Mzt2; Chmp1a; Nup62; Rps6ka2; Chmp3; Chmp2b; Tpr; Haus6; Ttc28; Katnbl1; Spout1; Nudc; Tubb3; Birc6; Atat1; Haus2; E4f1"
"GOCC_STEREOCILIUM",0.320610687022901,0.985341533317411,0.120433371642259,0.35313937610476,1.103715444185,17,"Bbs2; Ift20; Nherf1; Ptprq; Eps8; Twf2; Adgrv1"
"GOCC_SWI_SNF_SUPERFAMILY_TYPE_COMPLEX",0.41358024691358,0.985341533317411,0.116234148779716,0.256152734021879,1.03352987280834,45,"Rbbp4; Smarca5; Chrac1; Uchl5; Cfdp1; Ercc6; Bcl7b; Bcl7c; Trrap; Mta3; Brd9"
"GOCC_SYNAPTIC_MEMBRANE",0.25531914893617,0.985341533317411,0.181383128498408,0.20752968511819,1.06704255886323,166,"Adgrl3; Tmub1; Hspa8; Kcnj6; Stxbp1; Gsg1l; Nptx2; Dnm1; Slc9a5; Pip5k1c; Hspb1; Adam22; Nsg1; Stx1a; Anxa1; Flot2; Shank2; Chrna7; Dnm1l; Oprd1; Mkln1; Slc8a2; Baiap2; Drd4; Slc6a6; Dlg1; Erbb2; Gabra1; Psen2; C1qa; Lin7c; Cltb"
"GOCC_SYNAPTIC_VESICLE_MEMBRANE",0.200647249190939,0.985341533317411,0.178219874951973,0.27823333832477,1.18102685217343,59,"Gad2; Arpc2; Amph; Slc17a7; Atp6v1b2; Stx12; Stx1a; Dnm1l; Oprd1; Rab11b; Vamp2; Atm; Dlg1; Cltb; Atp6v1a; Syngr4; Rab4a; Sh3gl2; Scamp1; Slc18a3; Atp6v0d1"
"GOCC_TRANSCRIPTION_REGULATOR_COMPLEX",0.360406091370558,0.985341533317411,0.165656695205483,0.192856272518788,1.03283512961449,226,"Hdac4; Ahr; Parp1; Rbbp4; Rfx3; Alx1; Nr1h3; Nfat5; Taf8; Gtf2a1l; Hnrnpu; Cebpg; Jun; Med21; Zfp541; Lin37; Hax1; Gtf2h2; Pou3f1; Stat3; Hipk2; Dhrs7b; Trrap; Gsc; Smad5; Tle4; Mta3; Dazap2; Mafg; Deaf1; Jund; Wwox; Stat5b; Nfe2l2; Nono; Gtf2e1; Taf5; Mga; Tada3; Gtf2a1; Rcor1; Supt3; Xbp1; S100a10; Gata1; Atf6b; Lmo4; Riox2; Sox8; Pbx1; Kat5; Hmga1; Gtf2h3; Gtf2h4; Gata2; Rbm14; Taf1a; Gfi1b; Bach2; Pdlim1; Hdac3; Taf6l; Atf1-ps; Rxra; Tead2; Atf7; Pou2af1; Rxrb; Tcea1"
"GOCC_TRANSPORT_VESICLE_MEMBRANE",0.164383561643836,0.985341533317411,0.204294756516886,0.263820120794896,1.16554704934263,82,"Gad2; Arpc2; Amph; Slc17a7; Atp6v1b2; Stx12; Aftph; Sar1a; Stx1a; Dnm1l; Oprd1; Rab11b; Ap1g1; Sar1b; Vti1a; Vamp2; Atm; Dlg1; Lin7c; Cltb"
"GOCC_TRANS_GOLGI_NETWORK_MEMBRANE",0.333333333333333,0.985341533317411,0.120433371642259,0.309866184098501,1.0723201594474,24,"Slc9a8; Aftph; Bpnt2; Nsg1; Ap1g1; Bok; Scamp2; Myo1b; Scamp1"
"GOCC_TRANS_GOLGI_NETWORK_TRANSPORT_VESICLE",0.272959183673469,0.985341533317411,0.132147260608774,0.381495850585688,1.14423094070838,15,"Aftph; Ap1g1; Rab12; Lyz1; Cltb"
"GOCC_U12_TYPE_SPLICEOSOMAL_COMPLEX",0.083743842364532,0.985341533317411,0.197822021315103,-0.502455902748257,-1.45213442205321,16,"Ybx1; Phf5a; Sf3b2; Pdcd7; Snrnp35; Snrnp25"
"GOCC_U2_TYPE_CATALYTIC_STEP_2_SPLICEOSOME",0.333333333333333,0.985341533317411,0.119348440591015,0.329694059949983,1.08879296057782,20,"Bud31; Srrm2"
"GOCC_UBIQUITIN_LIGASE_COMPLEX",0.32436069986541,0.985341533317411,0.0810802057550866,-0.242607968397651,-1.06368187862558,132,"Kbtbd7; Med7; Topors; Ccnc; Anapc13; Bard1; Wdr77; Fbxw11; Nedd4; Kctd10; Kctd17; Syvn1; Fbxo25; Dyrk2; Klhl8; Fbxl14; Fbxo39; Zswim4; Brcc3; Cul4a; Med17; Cul4b; Fem1al; Kctd2; Ddb2; Ube3d; Ube2s; Fbxo8; Rnf7; Pcgf3; Cks2; Ubac1; Rnf2; Ube2dnl1; Klhl20; Det1; Phc3; Pef1; Fbxl2; Rnf217; Dcaf11; Cdc20; Cbx4; Med20; Appbp2; Ranbp10; Brcc3dc"
"GOCC_VACUOLAR_MEMBRANE",0.361216730038023,0.985341533317411,0.141225119642531,0.210655503129192,1.0324095634861,124,"Rheb; Hspa8; Anxa6; Gabarap; H2-Aa; Lmbrd1; Gabarapl2; Chmp1a; Atp6v1b2; Chmp3; Chmp2b; Clcn4; Atg16l1; Bloc1s2; Atg4b; Vac14; Tecpr1; Clec16a; Ap1g1"
"GOCC_VESICLE_COAT",0.221374045801527,0.985341533317411,0.11101149245045,-0.347603579842025,-1.18375617615791,31,"Clint1; Sec23b; Tmed3; Ap2s1; Sec13"
"GOCC_VESICLE_MEMBRANE",0.228723404255319,0.985341533317411,0.216542836735348,0.19547176089068,1.07460302359713,271,"Gad2; Tmem184a; Anxa6; H2-Aa; Arpc2; Micall1; Ift88; Vps4b; Amph; Ston1; Chmp1a; Slc9a8; Slc17a7; Lztr1; Vps35; Atp6v1b2; Chmp3; Chmp2b; Slc9a5; Pip5k1c; Myo5b; Gipc1; Stx12; Aftph; Sar1a; Clcn4; Pcsk4; Nsg1; Stx1a; Atg16l1; Anxa1; Flot2; Vac14; Dnm1l; Sh3bp5; Oprd1; Mkln1; Vps33b; Rab11b; Clec16a; Ap1g1; Bok; Sar1b; Vti1a; Sparc; Glipr1l1; Vamp2; Atm; Lamp2; Dlg1; Rab12; Erbb2; Mpeg1"
"GOCC_9PLUS0_NON_MOTILE_CILIUM",0.565217391304348,0.988929524562617,0.096887770327544,0.229832874148964,0.943582649345997,50,"Sdccag8; Kif17; Ift88; Rpgr; Tsga10ip; Shank2; Rd3; Ift20; Bbs4; Ift52; Ttll7; Cetn1"
"GOCC_9PLUS2_MOTILE_CILIUM",0.527131782945736,0.988929524562617,0.115240003147781,0.203964438817417,0.967117361144184,107,"Crocc; Spag6; Gabarap; Ran; Ift88; Tmem249; Catsper4; Rpgr; Clxn; Efcab9; Iqcg; Atg16l1; Rap1a; Cfap43; Rsph9; Slirp; Abhd2; Bbof1"
"GOCC_BASAL_PART_OF_CELL",0.526809651474531,0.988929524562617,0.0567672387487446,-0.229093416715419,-0.966366553270689,96,"Car11; Entpd1; Slc39a14; Egfr; Slc29a2; Adcy10; Slc39a8; Agtr1a; Cask; Cdh2; Hjv; Ager; Vangl2; Casr; Aqp2; Slc27a1; Trpc1; Abca1; Dlg2; Mttp; Slc41a1; Myo1c; Ank2; Cd34; Ezr; Slc11a2; Tlr9; Ctnna2; Cd300lg; Slc3a2; Cnnm4; Anxa2; Msn; Mlc1; Atp6v1b1; Cd81"
"GOCC_CATION_CHANNEL_COMPLEX",0.576158940397351,0.988929524562617,0.0995791200495904,0.219803187161912,0.948797547289729,64,"Kcnip4; Kcnip2; Smdt1; Tmem249; Catsper4; Akap6; Efcab9; Stx1a; Ptpa; Pkd1l3; Vamp2; Kcnmb3; Lrrc26; Kcnab3; Catsperg1; Abcb8"
"GOCC_CELL_CORTEX_REGION",0.521628498727735,0.988929524562617,0.0899860794997137,0.297932951777962,0.931171153543102,17,"Stxbp1; Myo5b; Hamp2; Tchp; Nlrp5; Cltb"
"GOCC_CENTRIOLAR_SATELLITE",0.462908011869436,0.988929524562617,0.0678338263479455,-0.267144164286106,-1.00318183956366,48,"Cenpu; Ccdc18; Cstpp1; Flii; Il4ra; Odf2l; Cntrl; Tbc1d31; Fam184a; Rab11a; Ccdc112; Spag5; Itgb1bp1; G6pd2; Hook3"
"GOCC_CLATHRIN_COAT",0.511217948717949,0.988929524562617,0.0667426134241917,-0.308200724152,-0.972064715407539,24,"Clint1; Eps15l1; Ap2s1"
"GOCC_COATED_VESICLE_MEMBRANE",0.563552833078101,0.988929524562617,0.0598603117764473,-0.25870299935737,-0.938553717590016,43,"Clint1; Sec23b; Tmed3; Ap2s1; Tmem199; Sec13"
"GOCC_CONTRACTILE_MUSCLE_FIBER",0.517831669044223,0.988929524562617,0.0605092988656667,-0.237857600578071,-0.970529036228522,78,"Fhl2; Dek; Palld; Pde4d; Ppp3ca; Mtm1; Ryr3; Tnni3; Ggps1; Cst3; Bag3; Trim32; Myl9"
"GOCC_COP9_SIGNALOSOME",0.464696223316913,0.988929524562617,0.0727141077934447,-0.343444575295463,-0.992580019711429,16,"Cops4; Dynll1; Cops5"
"GOCC_CULLIN_RING_UBIQUITIN_LIGASE_COMPLEX",0.569583931133429,0.988929524562617,0.0562940749700968,-0.234040132989594,-0.942448588977462,73,"Kbtbd7; Anapc13; Wdr77; Fbxw11; Kctd10; Kctd17; Fbxo25; Klhl8; Fbxl14; Fbxo39; Zswim4; Cul4a; Cul4b; Fem1al; Kctd2; Ddb2; Ube2s; Rnf7; Cks2; Klhl20; Det1; Pef1; Fbxl2; Dcaf11; Cdc20; Appbp2"
"GOCC_CYTOCHROME_COMPLEX",0.536858974358974,0.988929524562617,0.0643583367917361,-0.302003610116993,-0.952519025152068,24,"Uqcr10; Cox7a2; Uqcrc1; Uqcrh; Cox6c; Cox7a2l; Cox6b2; Cox4i1; Cox7b; Cox6a1; mt-Co2; Uqcrfs1; Uqcr11; Cox5b; Uqcc3"
"GOCC_CYTOPLASMIC_SIDE_OF_PLASMA_MEMBRANE",0.511551155115512,0.988929524562617,0.106729884364606,0.228996295427815,0.964200747539617,58,"Gng4; Alox15; Jak2; C2cd2l; Mien1; Rasa3; Ptpn3; Gng10; Jup; Esyt2; Dlg1; Fermt2; Jak1; Kit; Efcab7"
"GOCC_CYTOPLASMIC_STRESS_GRANULE",0.52803738317757,0.988929524562617,0.0637845390312975,-0.278520393062684,-0.952556242897807,34,"Tia1; Pqbp1; Ybx1; Larp4; C9orf72; Celf1; Elavl1; Ddx1; Rc3h1; Stau2; Trim25"
"GOCC_CYTOSOLIC_REGION",0.525423728813559,0.988929524562617,0.0635007968065945,-0.277114484547471,-0.950671061243954,33,"Erc1; Aldoc; Nedd4; Sumo1; Ogt; Hnrnpa2b1; Ppfia2; Marcks; Marcksl1"
"GOCC_ESCRT_COMPLEX",0.516908212560386,0.988929524562617,0.066436413766281,-0.32136281720946,-0.951287230499873,18,"Chmp1b2; Chmp4b; Uevld; Vps36; Snf8; Tsg101; Chmp1b; Stam"
"GOCC_EXTRINSIC_COMPONENT_OF_SYNAPTIC_MEMBRANE",0.5470737913486,0.988929524562617,0.0873098257637931,0.307308843933884,0.938571429235406,16,"Stxbp1; Nptx2; C1qa; C1qb"
"GOCC_GABA_ERGIC_SYNAPSE",0.560509554140127,0.988929524562617,0.0988903007520636,0.228899784525999,0.916366963488908,46,"Gad2; Gabarap; Septin11; Git1; Disc1; Mkln1; Hap1; Drd4; Slc6a6; Gabra1"
"GOCC_HIPPOCAMPAL_MOSSY_FIBER_TO_CA3_SYNAPSE",0.530744336569579,0.988929524562617,0.0653834195468773,-0.311512106833622,-0.945364215348641,20,"Sh3gl1; Ywhaz; C9orf72; Cacng2; Ppp3r1; P2rx3; Ctnna2; Grik4; Bace1; Stxbp5; Napepld; Rapgef4"
"GOCC_HISTONE_METHYLTRANSFERASE_COMPLEX",0.498502994011976,0.988929524562617,0.0646484568421928,-0.279112074375817,-0.977039151017094,36,"Pagr1a; Kmt2c; Bod1; Kansl1; Phf1; Hdac2; Dydc1; Bod1l; Setd1b; Eed; Rnf2; Pelp1; Cxxc1; Prmt5"
"GOCC_INTRACELLULAR_PROTEIN_CONTAINING_COMPLEX",0.536180308422301,0.988929524562617,0.0502948063662358,-0.195774935180898,-0.977223713585612,409,"Kbtbd7; Kars1; Ercc3; Med7; Topors; Ccnc; Dmap1; Crebbp; Psmd13; Anapc13; Bard1; Naa20; Polr2j; Msl3l2; Ybx1; Wdr77; Fbxw11; Ppp3ca; Mocs2; Kansl1; Nedd4; Mbip; Psmb5; Xrcc5; Kctd10; Kctd17; Ogt; Syncrip; C9orf72; Cnot6; Hps4; Malt1; Prkar2b; Ncbp2; Psmb6; Psmc1; Psma8; Tnks1bp1; Syvn1; Sem1; Bag3; Polr3k; Fbxo25; Psme1; Taf10; Eif4a1; Cntrl; Bmal2; Dyrk2; Gatb; Klhl8; Skic8; Fbxl14; Akt1s1; Polr1d; Sdf2; Fbxo39; Zswim4; Trappc6b; Brcc3; Cul4a; Cenpf; Med17; Cul4b; Fem1al; Racgap1; Tex24; Ciao2a; Mars1; Kctd2; Sclt1; Eny2; Taf7l; Prkaa1; Ncbp3; Ddb2; Tti1; Ube3d; Ube2s; Pi4k2a; Ddx1; Fbxo8; Polr2k; Rnf7; Pih1d2; Pcgf3; Psma1; Cks2; Lamtor2; Ubac1; Cct8; Cnot11; Rgp1; Naa50; Rpap1; Bloc1s1; Cep170; Trappc12; Otud6b; Rnf2; Polr3g; Ccar2; Bloc1s3; Ube2dnl1; Ppp3r1; Klhl20; Gtf2h5; Prim1; Det1; Kat14; Mms19; Zfp326; Psma6; Ep300; Stip1"
"GOCC_LIPID_DROPLET",0.475757575757576,0.988929524562617,0.105920292736253,0.248258495831916,0.974112025862617,40,"BC031181; Atg2a; Alox15; Katna1"
"GOCC_LYTIC_VACUOLE_MEMBRANE",0.57088122605364,0.988929524562617,0.109250039480711,0.206241430951656,0.948441485205475,97,"Rheb; Hspa8; Anxa6; H2-Aa; Lmbrd1; Chmp1a; Chmp3; Chmp2b; Clcn4; Atg16l1; Bloc1s2; Tecpr1; Clec16a; Ap1g1; Sar1b; Lamp2; Mpeg1"
"GOCC_MICROBODY",0.551282051282051,0.988929524562617,0.10027910675413,0.226595218538777,0.938550932195869,53,"Kcnip4; Lacc1; Dhrs7b; Pex11b; Sod1; Dnm1l; Pex5; Acsl3; Pxt1; Atm; Acsl4; Pex11g; Cat; Urad; Arf1; Slc25a17; Far2"
"GOCC_MOTILE_CILIUM",0.5078125,0.988929524562617,0.118287526124085,0.196211632688667,0.98570553952043,142,"Crocc; Spag6; Gabarap; Ran; Ift88; Bbs2; Tmem249; Catsper4; Daw1; Rpgr; Clxn; Efcab9; Iqcg; Atg16l1; Rap1a; Anxa1; Cfap43; Rsph9; Slirp; Abhd2; Bbof1; Ift20; Tssk1; Bbs4; Enkur; Glipr1l1"
"GOCC_NADH_DEHYDROGENASE_COMPLEX",0.574229691876751,0.988929524562617,0.0899860794997137,0.268083988692865,0.9335161615666,25,"Ndufs8; Ndufs6; Ndufa13; Ndufs3; Ndufb11; Ndufb10; Ndufc2; Dmac2; Ndufa7"
"GOCC_NEURON_PROJECTION_MEMBRANE",0.51559934318555,0.988929524562617,0.0675188953767744,-0.327833150647578,-0.953956395512673,17,"Robo1; Nradd; Shisa7; Slc1a2; Atp2b2; Gabarapl1; Ppp1r9b; Ngfr; Sgce"
"GOCC_NUCLEAR_BODY",0.5,0.988929524562617,0.148261500475107,0.177698265066706,0.996779543528237,336,"Hdac4; Fancd2; Aagab; Parp1; Snrpc; H2ax; Malat1; Rreb1; Vps72; Eaf1; Rp2; Alx1; Srsf1; Wtap; Itpkc; Sdcbp2; Hnrnpu; Thoc1; Srrm2; Eif3e; Rexo4; Exo1; Nsrp1; Ccndbp1; Gtf2h2; Mki67; Dnaaf1; Pabir1; Zfp217; Zfp830; Hipk2; Cenpc1; Srsf2; Bpnt2; Ercc6; Luc7l3; Prpf3; Ndufs3; Sh3bp5; Klf11; Cdk9; Fbl; Sh3bgrl3; Dazap2; Casp8ap2; Cbll1; E4f1; Safb2; Hspb6; Snrnp70; Ak6; Pomp; Dyrk3; Cdyl; Mettl3; Nono; Elf4; Eapp; Sltm; Nr0b1; Topbp1; Basp1; Nmnat1; Wbp11; Tspan15; Hsf1; Cdc34; Sf3a1; Lmna; Fam76a; Poli; Yme1l1; Ogg1; Rbm8a; Ewsr1; Rsrc1; Nsmce4a; Dzip1; Tarbp2; Gtf2h4; Morc3"
"GOCC_OXIDOREDUCTASE_COMPLEX",0.559870550161812,0.988929524562617,0.0999276973731092,0.220956928947688,0.937903659684355,59,"Idh3a; Ndufs8; Sdhc; Idh3g; Ndufs6; Ndufa13; Ldhb; Ndufs3; Ndufb11; Sdhd; Ndufb10; Ndufc2; Uqcrq; Ogdhl; Dmac2; Ndufa7"
"GOCC_PEPTIDASE_COMPLEX",0.571014492753623,0.988929524562617,0.0566484183613995,-0.245063091329658,-0.936920821817941,52,"Sec11a; Psmd13; Psmb5; Psmb6; Psmc1; Psma8; Sem1; Psme1; Taf10"
"GOCC_RECYCLING_ENDOSOME_MEMBRANE",0.494708994708995,0.988929524562617,0.0952879846194844,0.281961565418042,0.975753684342017,24,"Lztr1; Slc9a5; Nsg1; Rab11b; Bok; Rab12; Scamp2; Ehd4; Scamp1"
"GOCC_RIBOSOMAL_SUBUNIT",0.553450608930988,0.988929524562617,0.0549073703290958,-0.222235755775725,-0.96540687120682,124,"Rps27a; Rpl11; Rpl14; Rpl35; Zcchc17; Larp4; Mrpl35; Mrpl48; Mrps14; Rps16; Mrpl1; Mrps35; Rps15; Mrpl22; Rps15a; Rps4x; Rpl13a; Rps19; Rpl30; Rps25; Mrpl16; Mrps15; Rps21; Rps6; Mrpl52; Rpl15; Mrps5; Mrpl27; Rps27; Nsun3; Mrps16; Mrps30; Aurkaip1; Mrps26; Rpl27"
"GOCC_RIBOSOME",0.534574468085106,0.988929524562617,0.0557104226766671,-0.21880226017209,-0.970753378900178,143,"Rps27a; Abcf1; Rpl11; Rpl14; Rpl35; Zcchc17; Larp4; Mrpl35; Mrpl48; Mrps14; Rps16; Nemf; Mrpl1; Etf1; Mrps35; Rps15; Mrpl22; Rps15a; Rps4x; Rpl13a; Rps19; Rpl30; Rps25; Mrpl16; Mrps15; Rps21; Rps6; Mrpl52; Rpl15; Mrps5; Mrpl27; Rps27; Nsun3; Mrps16; Psma6; Pnpt1; Mrps30; Aurkaip1; Mrps26; Rpl27"
"GOCC_RNA_POLYMERASE_II_HOLOENZYME",0.545977011494253,0.988929524562617,0.0943563635421779,0.234039323767033,0.939104507850307,42,"Taf8; Gtf2a1l; Gtf2h2; Paf1; Trrap; Polr2g; Gtf2e1; Taf5; Tada3; Gtf2a1; Supt3; Gtf2h3; Gtf2h4"
"GOCC_ROUGH_ENDOPLASMIC_RETICULUM",0.49618320610687,0.988929524562617,0.0928481214159878,0.30528699681081,0.954155769899161,17,"Fkrp; Ccdc47; Ssr4; Sec61b; Rangrf; Lyz1"
"GOCC_SCF_UBIQUITIN_LIGASE_COMPLEX",0.535014005602241,0.988929524562617,0.0940503465727813,0.273855824283697,0.953614720351174,25,"Fbxo42; Fbxw8; Daw1; Fbh1; Siah1a; Dmac2; Fbxo44; Fbxl6; Ccnf; Fbxl13"
"GOCC_SPINDLE_MICROTUBULE",0.526946107784431,0.988929524562617,0.0988903007520636,0.250476116242393,0.956568085330776,36,"Fam110a; Hnrnpu; Chmp1a; Chmp3; Chmp2b; Haus6"
"GOCC_SUPRAMOLECULAR_POLYMER",0.5,0.988929524562617,0.161978948883402,0.174746931533386,0.989778080850906,384,"Tlk2; Hdac4; Hspa8; Ift70a1; Gabarap; Ltbp4; Igbp1; Fam110a; Krt33b; Arpc2; Myh15; Bex4; Kif17; Fbln5; Nefh; Katna1; Kif20a; Col1a2; Hnrnpu; Klc4; Dvl1; Chmp1a; Dctn2; Selenos; Chmp3; Chmp2b; Dnm1; Haus6; Trip10; Tektip1; Klc2; Sybu; Synm; Kif26a; Disc1; Tnnt2; Twf1; Hspb1; Acta1; Csrp1; Anxa1; Nudc; Tubb3; Iqgap2; Krt87; Shank2; Dnm1l; Jup; Myl12a; Fkrp; Pawr; Pstpip2; Atat1; Haus2; Slc8a2; Tchp; Mtus2; Baiap2; Stub1; Mdm1"
"GOCC_TRANSPORTER_COMPLEX",0.5,0.988929524562617,0.120985142145252,0.196595983671945,0.985530618079855,147,"Kcnip4; Kcnip2; Kcnj6; Smdt1; Ndufs8; Tmem249; Slc17a7; Catsper4; Ttyh3; Pacc1; Akap6; Efcab9; Stx1a; Ndufs6; Ndufa13; Ndufs3; Chrna7; Ndufb11; Ptpa; Ndufb10; Pkd1l3; Vamp2; Ndufc2; Ergic2; Kcnmb3; Uqcrq; Gabra1; Lrrc26; Kcnab3; Dmac2; Catsperg1; Ndufa7; Abcb8; Atp6v1a"
"GOCC_TRANSPORT_VESICLE",0.507874015748031,0.988929524562617,0.118815039412263,0.194404990516268,0.984578992391624,151,"Gad2; Hspa8; Arpc2; Sytl2; Amph; Ston1; Slc17a7; Atp6v1b2; Dnm1; Gipc1; Stx12; Aftph; Disc1; Sar1a; Clcn4; Cyp19a1; Stx1a; Mme; Dnm1l; Oprd1; Vps33b; Rab11b; Ap1g1; Sar1b; Vti1a; Vamp2; Atm; Dlg1; Rab12; Psen2; Yipf3; Lyz1; Lin7c; Cltb"
"GOCC_TRANS_GOLGI_NETWORK",0.550387596899225,0.988929524562617,0.112378519110475,0.209955891181078,0.959753863993597,95,"Gga1; Slc39a9; Ift88; Plekhj1; Slc9a8; Aftph; Pcsk4; Pam; Bpnt2; Nsg1; Ccdc186; Mme; Pcsk1n; Birc6; Ap1g1; Bok; Vamp2; Lamp2; Arl1; Cltb; Atp2c1; Scamp2; Adam10; Ap4e1; Gcc2; Myo1b; Arf1"
"GOCC_VACUOLE",0.546341463414634,0.988929524562617,0.0507027937029348,-0.199803589244677,-0.963977792878793,276,"Ncoa4; Tinagl1; Hyal3; Tcirg1; Wdr24; Ifnar1; Slc39a14; Mreg; Cpq; Ifitm7; Sphk2; Ctsf; Slc39a8; Tmem199; Plbd2; Vps11; Sec13; C9orf72; Hps4; Vmp1; Nprl2; Creg1; Chmp4b; Pgap6; Pip4p2; Abcd1; Wdr45b; Trim32; Snap23; Rab2a; Wipi2; Slc17a5; Ulk1; Ctsl; Tpp1; Pla2g10; Plbd1; P2rx4; Ifitm1; Vps26a; Flcn; Tmem106b; Vps36; Tmem163; Zfyve1; Tmem150c; Chid1; Tmem45b; Cyb561; Hgsnat; Vps16; Pip4k2c; B2m; H2-K1; Acr; Pip4k2a; H2-Q6; Ctsd; Gla; Ostm1; H2-Eb1; Chmp1b; Lamtor2; Gaa; Bloc1s1; Snx1; Tm6sf1; Gzmn; Ank2; Atp6v1g2; Cd34; Atg5; Gabarapl1; Sppl2a"
"GOCC_XY_BODY",0.478688524590164,0.988929524562617,0.0711327399327894,-0.345414455909835,-0.972607466577953,15,"Esco2; Sumo1; Scml2; Atr"
"GOCC_ACTIN_BASED_CELL_PROJECTION",0.869415807560137,0.991195551436515,0.0785029047348687,0.180937921058081,0.803622512639759,83,"Bbs2; Slc7a8; Atp6v1b2; Twf1; Tubb3; Iqgap2; Ift20; Pdgfa; Tgfb1; Wwox; Slc6a6; Dlg1; Erbb2; Lyz1; Dync2i2; Nf2; Cbr1; Nherf1; Atp6v1a; Ptprq; Cib1; Eps8; Palm; Myo1b; Itga6; Twf2; Adgrv1"
"GOCC_ACTOMYOSIN",0.59231905465288,0.991195551436515,0.055826471778749,-0.25646568430256,-0.915219574818562,38,"Prkcz; Palld; Daam1; Septin7; Tpm3; Cdc42bpb; Myl9; Vangl2; Pxn"
"GOCC_ADHERENS_JUNCTION",0.798679867986799,0.991195551436515,0.0808589150280032,0.194161734590833,0.817528027195022,58,"Cdh5; Hmcn1; Mpp3; Jag1; Cyth3; Flot2; Pkp1; Jup; Vegfa; Dlg1; Pkp2; Lin7c; Nf2; Fermt2"
"GOCC_ANCHORING_JUNCTION",0.841530054644809,0.991195551436515,0.107140237276725,0.166844417356394,0.903885691676818,257,"Adgrl3; Sdccag8; Anxa6; Arpc2; Jak2; Git1; Cdh5; Lpp; Map4k4; Hmcn1; Ywhah; Vezt; Mpp3; Samt3; Slc9a5; Pip5k1c; Fxyd1; Hamp2; Usp53; Jag1; Synm; Cyth3; Akap6; Twf1; Cldn34b4; Jam2; Rap1a; Flot2; Pkp1; Jup; Klf11; Atat1; Tchp; Lasp1; Pik3r2; Vegfa; Dstyk; Dlg1; Pkp2; Rangrf; Adcyap1r1; Cpne3; Grb7; Lin7c; Nf2; Fermt2; Parva; Panx2; Arhgef7; Adam15; Arl2; Kit"
"GOCC_APICAL_JUNCTION_COMPLEX",0.87536231884058,0.991195551436515,0.036993251998507,-0.196596720369742,-0.756312509232782,53,"Prkcz; Pard3b; Ocel1; Ctnna1; Cldn10; Rap2c"
"GOCC_APICAL_PART_OF_CELL",0.88098318240621,0.991195551436515,0.0312771255290148,-0.176890239446272,-0.805871594706302,175,"Prkcz; Specc1; Pard3b; Tcirg1; Ocel1; Slc39a14; Kcnk2; Hip1r; Egfr; Slc29a2; Tmem114; Adcy10; Slc39a8; Slc34a3; Cdh2; Fn1; Stk26; Nrg1; Slc28a1; Pdzk1; Ager; Ctsl; Vangl2; Klk1b4; Klk1b27; Lmo7; P2rx4; Casr; Muc4; Atp1b2; Vcam1; Aqp2; Ano1; Abcb11; Oxtr; Ceacam20; Prkaa1; Klk1b24; Myo6; Pfkm; Kcnma1; Atp2b2"
"GOCC_APICAL_PLASMA_MEMBRANE",0.67972972972973,0.991195551436515,0.0454059226590179,-0.207028169513507,-0.907466607454714,134,"Prkcz; Pard3b; Tcirg1; Ocel1; Slc39a14; Kcnk2; Hip1r; Egfr; Slc29a2; Tmem114; Adcy10; Slc39a8; Slc34a3; Cdh2; Fn1; Stk26; Nrg1; Slc28a1; Pdzk1; Ager; Vangl2; Lmo7; Casr; Muc4; Atp1b2; Vcam1; Aqp2; Ano1; Abcb11; Oxtr; Ceacam20"
"GOCC_AP_TYPE_MEMBRANE_COAT_ADAPTOR_COMPLEX",0.921752738654147,0.991195551436515,0.0381628909049257,-0.199663053995619,-0.626187581854668,23,"Ap2s1; Vps11; Ap3m2; Ap4s1; Vps16; Ap3m1; Vps41"
"GOCC_AXONEMAL_MICROTUBULE",0.852691218130312,0.991195551436515,0.0696133438850965,0.201526157797935,0.751042079476664,33,"Ift70a1; Tektip1; Enkur; Cfap20; Tektl1; Cimip2c; Cfap45; Efhc1; Spmip10"
"GOCC_AXONEMAL_OUTER_DOUBLET",0.876056338028169,0.991195551436515,0.0679922591544058,0.210794095479138,0.741285443992734,27,"Tektip1; Enkur; Cfap20; Tektl1; Cimip2c; Cfap45; Efhc1; Spmip10; Dusp21; Nme7; Tekt4; Spmip6; Efcab6"
"GOCC_BASEMENT_MEMBRANE",0.587878787878788,0.991195551436515,0.0573667426768556,-0.266861376455902,-0.914923781273621,32,"Entpd1; Nid2; Cst3; Cask; Fn1; Col17a1; Col7a1"
"GOCC_BASOLATERAL_PLASMA_MEMBRANE",0.633053221288515,0.991195551436515,0.0502948063662358,-0.222273371804076,-0.913004175790562,81,"Car11; Entpd1; Slc39a14; Egfr; Slc29a2; Slc39a8; Agtr1a; Cask; Cdh2; Hjv; Vangl2; Casr; Aqp2; Trpc1; Abca1; Dlg2; Mttp; Slc41a1; Ank2; Ezr; Tlr9; Ctnna2; Cd300lg; Slc3a2; Cnnm4; Anxa2; Msn; Mlc1; Atp6v1b1; Cd81"
"GOCC_BRUSH_BORDER",0.914634146341463,0.991195551436515,0.0697792517076235,0.178939278133557,0.731442871956975,48,"Slc6a14; Myo5b; Gipc1; Mme; Shank2; Dnm1l; Slc20a2"
"GOCC_BRUSH_BORDER_MEMBRANE",0.788918205804749,0.991195551436515,0.0699458736501659,0.234018607920453,0.779531447010495,21,"Slc6a14; Shank2; Slc20a2"
"GOCC_CAJAL_BODY",0.818181818181818,0.991195551436515,0.0702812841717392,0.232269984024944,0.785606582959084,23,"Snrpc; Srrm2; Prpf3; Fbl; Ak6"
"GOCC_CALCIUM_CHANNEL_COMPLEX",0.704225352112676,0.991195551436515,0.0791316651768349,0.243593466469006,0.856628789979921,27,"Smdt1; Tmem249; Catsper4; Akap6; Efcab9; Ptpa"
"GOCC_CATALYTIC_STEP_2_SPLICEOSOME",0.886131386861314,0.991195551436515,0.0367619553883609,-0.193006182901705,-0.754379501411296,62,"Ppil2; Slu7; Sart1; Magoh; Hnrnpc; Syncrip; Sf3b2; Hnrnpa2b1; Alyref2; Ddx41; Cactin; Snrpb2; Ddx23; Frg1; U2af1; Prpf6; Tex16; Cdc40; Snrpf; Snrpg; Syf2; Lsm3; Pnn; Sf3a3; Cwc15; Eftud2"
"GOCC_CAVEOLA",0.623229461756374,0.991195551436515,0.0860347242455604,0.250074666780219,0.897142003871091,29,"Jak2; Fxyd1; Akap6; Flot2; Cavin3; Rangrf; Adcyap1r1; Atp1b1; Kif18a; Slc2a1; Cavin4"
"GOCC_CELL_CORTEX",0.742587601078167,0.991195551436515,0.0412376090540065,-0.202685646833993,-0.871415116761191,117,"Myo1e; Cald1; Prkcz; Pard3b; Erc1; Agtrap; Septin7; Hip1r; Tpm3; Nedd4; Cotl1; Erc2; Actr1a; Fryl; Cdh2"
"GOCC_CELL_LEADING_EDGE",0.953457446808511,0.991195551436515,0.0287155399266326,-0.164841604692818,-0.73871273395046,155,"Sh3rf1; Prkcz; Palld; Robo1; Ctnna1; Hip1r; Ywhaz; Plxnd1; Dusp22; Egfr; Mtm1; Wasf2; Arhgap1; Cdh2; Arhgap18; Nradd; Shisa7; Pxn; Plcg2; Slk; Ptprk; Dbnl; Casp8; Slc1a2; Myo6; Arhgap44; Atp2b2; Gas7; Actr2; Frmd4b; Plekho1; Myo1c; Eps8l3; Gabarapl1; Sra1; Ppp1r9b; Ezr; Itgb1bp1; Raph1; Ssh1; Ctnna2; Ngfr; Itgav; Abi3bp; Cttn; Brk1; Arhgap31; Ppp1r9a; Sgce; Nckap1; Wmp; Cxcr4; Anxa2; Tnfrsf12a; Tiam1; Evl; Cdk5; Arhgef6; Tpm1; Abl1; Coro1c; Dnm2"
"GOCC_CENTROSOME",0.853541416566627,0.991195551436515,0.0291395520262835,-0.172143772060282,-0.840580431542652,319,"Cenpu; Dlgap5; Tcea2; Tnks2; Haus1; Rttn; Erc1; Pqbp1; Rabl6; Bod1; Ift80; Pde4d; Ssna1; Dynll1; Ccdc18; Fbxw11; Cstpp1; Flii; Psmb5; Phf1; Cntrob; Il4ra; Haus7; Actr1a; Prkar2b; Atf5; Ccna1; Odf2l; Rabep2; Trim32; Cntrl; Hk2; Rrp7a; Cir1; Ckap2; Wdr90; Flcn; Dynlrb1; Mamld1; Cep57l1; Cenpf; Hook2; Mastl; Xrcc2; Tbc1d31; Luzp1; Map3k11; Nlrc5; Marcks; Fam184a; Hmmr; Sclt1; Ttc39a; Ninl; Hyls1; Ska3; Rpgrip1l; Haus3; Cfap96; Rbbp6; Katnb1; Cep112; Psma1; Gnai3; Cct8; D7Ertd443e; Dctn5; Tgif2; Rab11a; Cep170; Cabcoco1; Spatc1l; Cfap58; Sncg; Txndc9; Cdk5rap3; Dctn3; Ccdc112; Spag5; Arl3; Nsfl1c; Ccnjl; 2700049A03Rik; Itgb1bp1; G6pd2; Nit2; Hook3; Dnaaf4; Aurkc; Ift27; Prkar1a; Cdc20"
"GOCC_CILIARY_MEMBRANE",0.711688311688312,0.991195551436515,0.0743625384422526,0.250416962252389,0.819109140080343,19,"Bbs2; Shank2; Bbs4; Cltb; Slc9c1; Efcab7; Ttc8; Gnb1"
"GOCC_CILIARY_PLASM",0.729323308270677,0.991195551436515,0.0931454575337804,0.188004391597294,0.878607663163873,101,"Spag6; Ift70a1; Gabarap; Kif17; Ift88; Dnaaf1; Tektip1; Traf3ip1; Clxn; Ccdc113; Atg16l1; Cfap43; Rsph9; Bbof1; Enkur; Cfap20; Dync2i2; Gli1; Tektl1; Cimip2c; Rsph1; Cfap45; Dnal1; Efhc1"
"GOCC_CILIUM",0.726744186046512,0.991195551436515,0.120985142145252,0.167465501961165,0.943851873226275,350,"Notch2; Sdccag8; Crocc; Spag6; Ift70a1; Gabarap; Ran; Pin1; Rp2; Kif17; Ift88; Elmod3; Bbs2; Tmem249; Fbxw8; Cdc45; Catsper4; Daw1; Hoatz; Dnaaf1; Tektip1; Klc2; Traf3ip1; Rpgr; Wrap73; Tsga10ip; Disc1; Clcn4; Tmem80; Kncn; Cluap1; Clxn; Tmem138; Efcab9; Iqcg; Ccdc113; Atg16l1; Rap1a; Anxa1; Cfap100; Cfap43; Shank2; Rsph9; Rd3; Slirp; Abhd2; Tmem216; Bbof1; Ift20; Tchp; Mdm1; Tssk1; Bbs4; Enkur; Glipr1l1; Ift52; Cfap20; Ttll7; Psen2; Cetn1; Dync2i2; Gli1; Catsperg1; Cltb; Mks1; Tektl1; Adam15; Nherf1; Cimip2c; Mark4; Rsph1; Slc9c1; Cfap45; Efcab7; Kif7; Dnal1; Ak2; Opn3; Efhc1; Tapt1; Dzip1; Atp1b1; Naxe"
"GOCC_CIS_GOLGI_NETWORK",0.756289308176101,0.991195551436515,0.0474483193656297,-0.2569128673886,-0.799560930639992,22,"Tmed5; Map6; Trappc6b; H2-K1; H2-Q6; Ubxn2a; Pik3r1; Hook3; Gpr108"
"GOCC_CLATHRIN_ADAPTOR_COMPLEX",0.622448979591837,0.991195551436515,0.080419996876154,0.300297771874176,0.900691322007027,15,"Ston1; Aftph; Ap1g1"
"GOCC_CLATHRIN_COATED_PIT",0.636641221374046,0.991195551436515,0.0540088272801684,-0.262390160190863,-0.893563791345756,31,"Eps15l1; Inpp5f; Hip1r; Ap2s1"
"GOCC_CLATHRIN_VESICLE_COAT",0.595813204508857,0.991195551436515,0.0596037042575973,-0.297596883797889,-0.880936126499555,18,"Clint1; Ap2s1"
"GOCC_COATED_VESICLE",0.866935483870968,0.991195551436515,0.0338984188001938,-0.189599432986975,-0.798527029318311,95,"Myo1e; Clint1; Tmed5; Sec23b; Inpp5f; Hip1r; Tmed3; Ap2s1; Tmem199; Sec13; Actr1a; Vangl2; Lman2l; Aqp2; Spg21; Cnih4; Uso1; Vps16; Sec22b; Myo6; Ocrl; Mall; Cracr2a; Gpr107; Gopc; Lyz2; Pef1; Vps41"
"GOCC_CONDENSED_CHROMOSOME",0.669736842105263,0.991195551436515,0.0448645113168564,-0.202458122692836,-0.91262080640161,162,"Cenpu; Kash5; Zfp692; Phf2; Nup107; Dynlt3; Phf10; Rnf212; Crebbp; Septin7; Bod1; Cenpi; Hmbs; Dynll1; Fbxw11; Kansl1; Msh5; Sec13; Cenpq; Chmp4b; Meikin; Dync1i1; Tex11; Ttn; Cenpp; Cenpf; Lrwd1; Sgo2a; Cenpw; Cbx3; Mad1l1; Nup37; Ska3; Cenpe; Chmp1b; Nuf2; Dctn5; Ccnb1ip1; Trappc12; Smc1a; Mlh1; Cenpk; Dctn3; Spag5"
"GOCC_COPII_COATED_ER_TO_GOLGI_TRANSPORT_VESICLE",0.647328244274809,0.991195551436515,0.0532386494755899,-0.260200222607318,-0.886106008140242,31,"Tmed5; Sec23b; Tmed3; Sec13; Vangl2; Lman2l; Cnih4; Uso1; Sec22b"
"GOCC_CYTOPLASMIC_MICROTUBULE",0.938395415472779,0.991195551436515,0.0331626424471441,-0.178132465224862,-0.691361532203227,56,"Dynlt3; Reep2; Fbxw11; Arhgap18; Cfap107; Fhdc1; Tekt3; Cfap77; Rpgrip1l; Cfap96; Ribc1; Cfap210; Efhc2; Spmip9; Arl3; Spaca9"
"GOCC_CYTOPLASMIC_REGION",0.8300395256917,0.991195551436515,0.0886261133285098,0.173414046499397,0.867032664361562,139,"Spag6; Ift70a1; Gabarap; Stxbp1; Kif17; Ift88; Hnrnpu; Myo5b; Dnaaf1; Tektip1; Hamp2; Traf3ip1; Sod1; Clxn; Ccdc113; Atg16l1; Cfap43; Rsph9; Bbof1; Tchp; Baiap2; Enkur; Cfap20; Nlrp5; Dync2i2; Gli1; Cltb; Tektl1; Cimip2c; Rsph1; Cfap45; Dnal1; Efhc1"
"GOCC_DISTAL_AXON",0.87984496124031,0.991195551436515,0.0843144320642653,0.168430374770243,0.798629116569381,107,"Hspa8; Arpc2; Katna1; Git1; Amph; Dvl1; Dctn2; Rtn4r; Disc1; Cyp19a1; Tubb3; Shank2; Chrna7; Oprd1; Hap1; Slc8a2; Drd4; Myo9a; Fkbp4; Als2; Arhgef7; Cdk5r2"
"GOCC_DYNEIN_COMPLEX",0.707430340557275,0.991195551436515,0.0497903187820785,-0.251526297668222,-0.846583628099863,30,"Dynlt3; Dynll1; Dnai2; Dync1i1; Dnali1; Dynlrb1"
"GOCC_EARLY_ENDOSOME",0.862068965517241,0.991195551436515,0.0335297167141207,-0.182146011822057,-0.806388331204071,140,"Hyal3; Snx17; Derl1; Inpp5f; Vps26b; Plekhf2; Slc39a14; Egfr; Mr1; Ifitm7; Wasf2; Vps11; Washc3; Inhca; Rnd2; Ifitm1; Vps26a; Ap3m2; Vcam1; Tmem163; Aqp2; Ticam2; Rusc1; Tbc1d16; Vps16; Pi4k2a; H2-K1; H2-Q6; Ocrl; Tsg101; Snx5; Bloc1s1; Snx1; Gpr107; Ap3m1; Slc11a2; Vps41; Pick1; Fcmr; Abcb6; Stx7; Lipg; Rab31; Cxcr4; Anxa2; Trak1; Parm1; H2-D1; Mlc1; H2-Ab1; Atp9a; Pld3; Ece1; Ppp1r21; Cmtm6"
"GOCC_ENDOCYTIC_VESICLE",0.695238095238095,0.991195551436515,0.0862865626267245,0.199780100443256,0.891995176122615,77,"Lmbrd1; Stxbp1; Ftl1; Ston1; Dnm1; Gipc1; Stx12; Rap1a; Flot2; Heatr5a; Rab11b; Gapvd1; Stam2; Lamp2; Rab12; Mpeg1; Ecpas; Rin1"
"GOCC_ENDOCYTIC_VESICLE_MEMBRANE",0.686084142394822,0.991195551436515,0.0532386494755899,-0.278548579252749,-0.84532784853334,20,"Tcirg1; Ap2s1; Pip4p2; B2m; H2-K1; Rab11a"
"GOCC_ENDOPEPTIDASE_COMPLEX",0.736842105263158,0.991195551436515,0.0466015072985992,-0.227608142190162,-0.825133632065582,41,"Psmd13; Psmb5; Psmb6; Psmc1; Psma8; Sem1; Psme1"
"GOCC_ENDOPLASMIC_RETICULUM_LUMEN",0.922480620155039,0.991195551436515,0.0376923295943841,-0.206871580841861,-0.666370094768549,25,"Wnt4; Ces1d; Dnajb9; Dnajc10; Erap1; Pdia4; Uggt1; Lyz2; Calu; Poglut1; Tmem43; Pcsk7; Dnajc3; P4hb; Wnt5b; Edem3"
"GOCC_ENDOPLASMIC_RETICULUM_PROTEIN_CONTAINING_COMPLEX",0.795947901591896,0.991195551436515,0.0413209506074822,-0.206148784344015,-0.820382816121005,68,"Sec11a; Derl1; Dad1; Alg14; Pigh; Hyou1; Prkcsh; Syvn1; Magt1; Ormdl2; Piga; Dnajc10; B2m; Sec63; H2-K1; H2-Q6; Caml; Ubxn7; Faf2; Pdia4; Ostc; Mlec"
"GOCC_ENDOPLASMIC_RETICULUM_TUBULAR_NETWORK",0.634460547504026,0.991195551436515,0.0566484183613995,-0.290678210275211,-0.860455705549577,18,"Reep2; Lnpk; Parp6; Rab10; Parp8"
"GOCC_ENDOSOME",0.772241992882562,0.991195551436515,0.0334561741060507,-0.179454671943286,-0.895760025534751,409,"Hyal3; Fgfr4; Clint1; Cdkn1b; Mrc1; Ap1ar; Prkcz; Rhov; Ccdc93; Tcirg1; Sh3gl1; Snx17; Derl1; Chmp1b2; Atp11a; Inpp5f; Vps26b; Ifnar1; Plekhf2; Slc39a14; Mreg; Egfr; Plekhb2; Mr1; Snx11; Golph3; Mtm1; Ifitm7; Wasf2; Stambpl1; Flt1; Agtr1a; Vps11; C9orf72; Clcn6; Cst3; Arhgap1; Arhgap26; Creg1; Vamp4; Chmp4b; Dennd10; Pip4p2; Rap2c; Rabep2; Syt3; Fig4; Rnf148; Rabepk; Dync1i1; Washc3; Avl9; Ctsl; Tpp1; Inpp4a; Uevld; Inhca; Rnd2; Ifitm1; Vps26a; Praf2; Ap3m2; Vcam1; Trappc6b; Rnf149; Tmem106b; Vps36; Tmem163; Aqp2; Chid1; Tmem45b; Abcb11; Tom1l1; Scamp3; Dbnl; Ticam2; Rusc1; Tbc1d16; Grip1; Rab10; Abca1; Vps16; B2m; Snf8; Pi4k2a; H2-K1; H2-Q6; Ctsd; H2-Eb1; Arhgap44; Ocrl; Tsg101; Chmp1b; Lamtor2; Abcg1; Snx5; Rab11a; Cytip; Bloc1s1; Snx1"
"GOCC_EXTRINSIC_COMPONENT_OF_ORGANELLE_MEMBRANE",0.831134564643799,0.991195551436515,0.0673623868166279,0.220921879787959,0.735905380165006,21,"Amph; Atp6v1b2; Emc2; Atm; Atp6v1a"
"GOCC_FILAMENTOUS_ACTIN",0.737439222042139,0.991195551436515,0.0499913914024592,-0.261355217043738,-0.781581380189794,19,"Specc1; Dusp22; Myo6; Map3k1; Myo1c"
"GOCC_FILOPODIUM",0.933021806853583,0.991195551436515,0.0373806494758473,-0.201456015597484,-0.688991506928949,34,"Ninj1; Palld; Mtm1; Dnali1; Vcam1"
"GOCC_GERM_CELL_NUCLEUS",0.88555078683834,0.991195551436515,0.0358449292332649,-0.191749962998719,-0.740462456742001,54,"Morc1; Zmynd15; Celf1; Taf10; Atr; Stra8; Stpg4; Marcks; Kif6; Taf7l; Zbtb16; Actl7a; H2bc1; Mlh1; Actrt3; Sycp1; Prmt5; Haspin; Mael; H2ac1"
"GOCC_GOLGI_CISTERNA",0.792349726775956,0.991195551436515,0.0714786287425507,0.238915678477398,0.796538754582112,22,"Cit; Gosr1; Lyz1; Csgalnact2; Atp2c1; Nucb2; Glg1; Golga2"
"GOCC_GOLGI_MEMBRANE",0.904059040590406,0.991195551436515,0.0802023444698144,0.163382238093819,0.788342325458193,111,"Rheb; B3gnt7; Ugcg; Gabarapl2; Slc9a8; Yif1a; Tvp23b; Slc35b1; Slc35b3; Gosr1; Pcsk4; Dnm1l; Fkrp; Blzf1; Lman2"
"GOCC_GOLGI_STACK",0.932011331444759,0.991195551436515,0.0652353056017703,0.178969619939019,0.666979001589074,33,"Cit; Gosr1; Mgat4d; Tmbim4; Mgat4a; Lyz1; Csgalnact2; Atp2c1; Nucb2; Glg1"
"GOCC_GTPASE_COMPLEX",0.744897959183674,0.991195551436515,0.0711327399327894,0.267248118027322,0.801564591131148,15,"Gng4; Gng10"
"GOCC_INNER_MITOCHONDRIAL_MEMBRANE_PROTEIN_COMPLEX",0.833935018050541,0.991195551436515,0.0833634065110386,0.18900756044734,0.835364762679806,84,"Smdt1; Ndufs8; Sdhc; Atp5pb; Trmt10b; Pdss1; Ndufs6; Ndufa13; Ndufs3; Ndufb11; Atp5f1d; Atp5mj; Sdhd; Ndufb10; Timm17a; Ndufc2; Uqcrq; Dmac2; Ndufa7"
"GOCC_INTERCELLULAR_BRIDGE",0.775811209439528,0.991195551436515,0.0433636987883266,-0.217294372177214,-0.812100569179635,47,"Gstm6; Prc1; Aamp; Ngrn; Gstm1; Gstm4; Cdc6; Gstm3; Snrnp25; Krr1; Gstm2; Cenpe; Tubb6; Cd34; Sra1; Parp3; Acot12; Pknox2; Kif23; Cdc7"
"GOCC_I_BAND",0.627941176470588,0.991195551436515,0.0529129848430583,-0.23889932485458,-0.903352900491667,50,"Fhl2; Palld; Ppp3ca; Mtm1; Ryr3; Ggps1; Bag3; Myl9; Ttn; Pgm1"
"GOCC_LARGE_RIBOSOMAL_SUBUNIT",0.640513552068474,0.991195551436515,0.0506004243853618,-0.227256123173742,-0.908719763105503,69,"Rpl11; Rpl14; Rpl35; Zcchc17; Mrpl35; Mrpl48; Mrpl1; Mrpl22; Rpl13a; Rpl30; Mrpl16; Mrpl52; Rpl15; Mrpl27; Nsun3; Mrps30; Rpl27; Mrpl47"
"GOCC_LATE_ENDOSOME",0.853932584269663,0.991195551436515,0.0840745577910723,0.168309264464025,0.813535316177696,113,"Hspa8; Anxa6; H2-Aa; Bst2; Micall1; Chmp1a; Slc9a8; Vps35; Chmp3; Chmp2b; Nsg1; Rap1a; Vipas39; Vps33b; Derl2; Clec16a; Vti1a; Fyco1"
"GOCC_LEADING_EDGE_MEMBRANE",0.942307692307692,0.991195551436515,0.0707899094502623,0.174604228017877,0.720905507779637,52,"Psd; Arpc2; Amph; Twf1; Chrna7; Oprd1; Sh3bgrl3"
"GOCC_MAIN_AXON",0.651888341543514,0.991195551436515,0.0562940749700968,-0.291743898866955,-0.848940864052884,17,"Robo1; C9orf72; Kcnq3; Slc1a2; Dlg2; Map1b; Kcnab1; Tiam1; Mgll; Trim46"
"GOCC_MALE_GERM_CELL_NUCLEUS",0.821052631578947,0.991195551436515,0.0416556773979467,-0.211917338669624,-0.776549123944141,44,"Morc1; Zmynd15; Celf1; Taf10; Atr; Stra8; Stpg4; Kif6; Taf7l; Zbtb16; Actl7a; Mlh1; Actrt3; Sycp1; Prmt5; Haspin; Mael"
"GOCC_MEMBRANE_PROTEIN_COMPLEX",0.734338747099768,0.991195551436515,0.0347904098478036,-0.180248044524635,-0.909822994471578,478,"Kash5; Clint1; Sec11a; Eps15l1; Ndufs1; Tcirg1; Sec23b; Vdac3; Itgbl1; Derl1; Chmp1b2; Kcns3; Ctnna1; Vps26b; Dad1; Ndufb3; Kcnk2; Pde4d; Micu3; Tmed3; Mr1; Alg14; Ap2s1; Pigh; Timm23; Ryr3; Chchd3; Sumo1; Tmem199; Atp5mg; Vps11; Sec13; Doc2b; Atp6v0e2; Kcnq3; Cdh2; Dpp6; Vamp4; Chmp4b; Syvn1; Hjv; Snap23; Socs1; Chchd10; Ripk1; Atp6ap1l; Grpel1; Napg; Ndufb8; Uqcr10; Shisa7; Mtx2; Uevld; Kcng2; Magt1; Traf4; Trdn; Vps26a; Catspere2; Atp1b2; Apbb1ip; Ap3m2; Cacng2; Vcam1; Hook2; Gna14; Vps36; Ano1; Cox7a2; Cpt1c; Grm1; Ndufb5; Noxo1; Stx16; Chrna5; Amigo1; Gja3; Ticam2; Pkd2l1; Sclt1; Immt; Trpc1; Piga; Lrrc52; Ap4s1; Cflar; Vps16; Ndufs5; B2m; Snf8; Socs6; Clic1; Sec63; Ndufs4; Casp8; H2-K1; Cdh6; Slc1a2; Sec22b; H2-Q6; Timm17b; Ostm1; H2-Eb1; Catsperz; Kcnma1; Gnai3; Atp6v0e; Tsg101; Socs5; Chmp1b; Lamtor2; Mtx3; Uqcrc1; Uqcrh; Snx5; Dlg2; Atp5mc3; Snx1; Ndufb6; Ubxn7; Ndufb11b; Faf2; Napa; Cox6c; Atp6v1g2; Cd34; Chuk; Ostc"
"GOCC_METHYLTRANSFERASE_COMPLEX",0.631067961165049,0.991195551436515,0.0928481214159878,0.213353956327182,0.905631053981453,59,"Prdm4; Wdr4; Rbbp4; Trmt10c; Wtap; Dydc2; Epop; Cbll1; Senp3; Mettl3; Mga"
"GOCC_MICROBODY_MEMBRANE",0.944894651539708,0.991195551436515,0.03863723737086,-0.205661561591047,-0.615029801120897,19,"Fis1; Abcd1; Pxmp4; Pex13"
"GOCC_MITOCHONDRIAL_ENVELOPE",0.884074941451991,0.991195551436515,0.0260437699289678,-0.168858289040649,-0.840997886943693,385,"Rps6kb1; Stoml2; Spata19; Slc25a16; Mtarc2; Ndufs1; Cox17; Elk1; Vdac3; Mtch2; Miga1; Maip1; Ndufb3; Micu3; Timm23; Sphk2; Chchd3; Ngrn; Mrpl35; Fis1; Atp5mg; Mrpl48; Them4; Mrps14; Cpt2; Mccc1; Alpl; Bri3bp; Foxo3; Abcd1; Marchf5; Eral1; Fahd1; Chchd10; Mrpl1; Grpel1; Hk2; Ndufb8; Uqcr10; Mtx2; Cycs; Acsl5; Mrps35; Hadh; Slc25a12; Mrpl22; Slc25a11; Cox7a2; Bcs1l; Ndufb5; Bdh1; Shmt2; Immt; Slc27a1; 4930550C14Rik; Ndufs5; Gpd2; Cisd1; Ndufs4; Mrpl16; Mrps15; Gk2; Rdh13; Timm17b; Mrpl52; Mrps5; Dars2; Mrpl27; Armcx3; Mtx3; Uqcrc1; Sox10; Uqcrh; Fdx1; Trim14; Atp5mc3; Spart; Bloc1s1; Ndufb6; Ndufb11b; Cox6c; Thop1; Mrps16; Ociad2; Tmem14c; Pnpt1; Mrps30; Uqcc2; Aurkaip1; Mix23; Mrps26; Slc11a2; Slc25a32; Dmac1; Mrpl47; Ndufs7; Pgam5; Cox7a2l; Mlxip; Slc25a1; Ifi27l2b; Tomm20l; Sdhaf3; Cox6b2; Dap3; Abcb6; Pam16; Vdac1; Cox4i1; Snph; Gdap1; Ndufa1; Timm8a2; Snn; Oma1; Atad3a"
"GOCC_MITOCHONDRIAL_LARGE_RIBOSOMAL_SUBUNIT",0.696969696969697,0.991195551436515,0.0494904866135495,-0.245643825352913,-0.842180238006614,32,"Mrpl35; Mrpl48; Mrpl1; Mrpl22; Mrpl16; Mrpl52; Mrpl27; Nsun3; Mrps30; Mrpl47"
"GOCC_MITOCHONDRIAL_MATRIX",0.928292046936115,0.991195551436515,0.0290688186426821,-0.168943749876655,-0.765641037018575,166,"Etfbkmt; Cbr4; Trmt2b; Maip1; Tfam; Mrpl35; Mrpl48; Mrps14; Mpg; Acss1; Mccc1; Mettl15; Foxo3; Oat; Eral1; Fahd1; Mrpl1; Ak4; Grpel1; Mrps35; Ssbp1; Mrpl22; Shmt2; Slc27a3; Csl; Bola3; Mrpl16; Mrps15; Etfa; Mrpl52; Mrps5; Dars2; Mrpl27; Fdx1; Bloc1s1; Ccar2; Sardh; Nsun3; Mrps16; Mrps30; Arhgap11a; Uqcc2; Aurkaip1; Mrps26"
"GOCC_MITOCHONDRIAL_PROTEIN_CONTAINING_COMPLEX",0.894957983193277,0.991195551436515,0.0878312634480124,0.16113604736473,0.831032672671081,168,"Supv3l1; Samm50; Smdt1; Nfs1; Trmt10c; Ndufs8; Sdhc; Atp5pb; Trmt10b; Tomm5; Pdss1; Tomm22; Mrpl38; Ndufs6; Ndufa13; Ndufs3; Ndufb11; Atp5f1d; Atp5mj; Polrmt; Sdhd; Ndufb10; Timm17a; Mrpl21; Ndufc2; Uqcrq; Mrps18c; Dmac2; Mrps22; Ndufa7; Nsun4; Mrps33"
"GOCC_MITOCHONDRIAL_SMALL_RIBOSOMAL_SUBUNIT",0.948356807511737,0.991195551436515,0.0368389606870506,-0.189822718421396,-0.595326108915382,23,"Mrps14; Mrps35; Mrps15; Mrps5; Mrps16; Aurkaip1; Mrps26; Dap3"
"GOCC_MITOTIC_SPINDLE",0.953846153846154,0.991195551436515,0.0795564677235957,0.16065693161607,0.737383588981066,94,"Lsm14a; Katna1; Git1; Hnrnpu; Nup62; Tpr; Haus6; Ttc28; Katnbl1; Spout1; Nudc; Tubb3; Atat1; Haus2; Ska1; Tada3; Tubb5; Arhgef7; Hsf1; Kat5; Mad2l1; Efhc1"
"GOCC_MYELIN_SHEATH",0.666666666666667,0.991195551436515,0.09754492162472,0.201141692185747,0.905985980621938,87,"Hspa8; Idh3a; Stxbp1; Nefh; Atp6v1b2; Atp5pb; Dnm1; Uchl1; Sod1; Rap1a; Ldhb; Ndufs3"
"GOCC_MYOSIN_COMPLEX",0.863849765258216,0.991195551436515,0.0411544018789903,-0.222787110202857,-0.698709746317803,23,"Myo1e; Myl9; Ttn; Myo6; Myl6; Myo1c"
"GOCC_NEUROMUSCULAR_JUNCTION",0.919161676646707,0.991195551436515,0.0686325631836726,0.180260681112015,0.688415395361985,36,"Hdac4"
"GOCC_NEURON_PROJECTION_CYTOPLASM",0.630503144654088,0.991195551436515,0.055826471778749,-0.281727531391002,-0.876788809667432,22,"Pqbp1; Hip1r; Dynll1; Hnrnpa2b1; Dync1i1"
"GOCC_NON_MOTILE_CILIUM",0.859623733719247,0.991195551436515,0.037770500132479,-0.196802782683432,-0.774597393703933,65,"Rpgrip1; Topors; Septin7; Ift80; C130074G19Rik; Arl13b; Guca2b; Mchr1; Ptprk; Pkd2l1; Tmem237; Rom1; Tbcc; Hyls1; Rpgrip1l; Cfap96; Ocrl; Map1b; Pex6; Arl3"
"GOCC_NUCLEAR_MATRIX",0.882165605095541,0.991195551436515,0.0738052724171275,0.186835773927694,0.747969820853085,46,"Nufip1; Hnrnpu; Chmp1a; Sparc; Nono; Anp32a; Basp1; S100a10; Lmna; Smarcc2; Ogg1; Enc1; Gmcl1; Gfi1b; Hes1; Npm1; Xpot; Actb"
"GOCC_NUCLEAR_OUTER_MEMBRANE_ENDOPLASMIC_RETICULUM_MEMBRANE_NETWORK",0.730816077953715,0.991195551436515,0.0373029764832679,-0.185467352035934,-0.895292176749442,281,"Tm6sf2; Kash5; Sec11a; Tmem39a; Reep2; Soat1; Ebp; Derl1; Sppl3; Alg5; Dad1; Eif2ak3; Acer3; Selenot; Or5b21; Usp17ld; Mr1; Alg14; Lnpk; Mia3; Pigh; Ryr3; Retsat; Vmp1; Ero1a; Saraf; Slc37a4; Abcd1; Ftcd; Syvn1; Marchf5; Rab2a; Sec62; Fitm2; Magt1; Trdn; Ldaf1; Lman2l; Trim13; Zfyve1; Cnih4; Slc27a6; Cpt1c; Chpt1; Marchf6; Nus1; Ormdl2; Slc27a1; Piga; Slc27a3; Rab10; B2m; Sec63; Tmtc2; Smpd4; H2-K1; Sec22b; H2-Q6; Derl3; Pigx; Gnai3; Tmem33; Caml; Tmem41b; Ubxn7; Faf2; Ptdss1; Calr4; Ostc; Sppl2a; Pik3r1; Tecr; Pnpt1; Mlec; Myrf"
"GOCC_NUCLEAR_PERIPHERY",0.856934306569343,0.991195551436515,0.0383205781976994,-0.19826111849269,-0.772663118541952,61,"Prkcz; Nup107; Phf10; Phf5a; Cask; Hnrnpa2b1; Lmnb2; Hltf; Narf"
"GOCC_NUCLEOLUS",0.67093023255814,0.991195551436515,0.0391155247681459,-0.184539424765593,-0.928085804710273,448,"Tma16; Parn; Sbds; Stn1; Imp4; Zfp330; Nop16; Dek; Zfp692; Specc1; Eif3a; Phf2; Rpl11; Pa2g4; Nbn; Cutc; Zcchc17; Parp2; Rsl1d1; Six1; Zfp819; Tent4b; C2cd4a; Ublcp1; Gnl3l; Gtf3c3; Usp17ld; Phf5a; Mbip; Airim; Rbm10; Xrcc5; Sumo1; Haus7; Malt1; Vmp1; Ddx21; Cd2bp2; Cpt2; Cask; Taf1b; Cilk1; Snapc3; Fhit; Pus1; Ddx27; Emx1; Plcz1; Hirip3; Bmal2; Ager; Srsf9; Ctsl; Narf; Otp; Homez; Mad2l1bp; Rrp7a; Mtus1; Snrnp35; Ilf2; Mtx2; Polr1d; Klf6; Tax1bp3; Acsl5; Ppid; Srsf5; Wdr36; Traf4; Sesn1; Utp20; Cenpp; Heatr1; Atxn1l; Rps19; Lrwd1; Nacc2; Dnajb9; Snrpb2; Mars1; Nol10; Rps25; Nolc1; Uso1; Rbm34; Mbd2; Ddx23; Krr1; Ncl; Acaca; Mrps15; Frg1; Polr2k; Rdm1; Abhd14b; Rps6; Gnai3; Dhx37; Tsg101; Sub1; Cdkn2aip"
"GOCC_ORGANELLAR_RIBOSOME",0.829512893982808,0.991195551436515,0.0389556479965885,-0.202384620505957,-0.785488154283052,56,"Mrpl35; Mrpl48; Mrps14; Mrpl1; Mrps35; Mrpl22; Mrpl16; Mrps15; Mrpl52; Mrps5; Mrpl27; Nsun3; Mrps16; Mrps30; Aurkaip1; Mrps26; Mrpl47"
"GOCC_PHAGOCYTIC_VESICLE",0.902511078286558,0.991195551436515,0.0364548541965309,-0.196890436710987,-0.702620244351621,38,"Tcirg1; Vps26b; Fmnl1; Vamp4; Pip4p2; Abca1; B2m; H2-K1; Rab11a; Myo1c"
"GOCC_PHAGOPHORE_ASSEMBLY_SITE",0.847020933977456,0.991195551436515,0.0433636987883266,-0.239489099889858,-0.708927450124507,18,"Vmp1; Wdr45b; Wipi2; Ulk1; Zfyve1"
"GOCC_PHOSPHATASE_COMPLEX",0.94488188976378,0.991195551436515,0.0609039347452418,0.200467740004488,0.636389559664241,18,"Ppp2r1a; Ppp4r2; Ptpa"
"GOCC_PHOTORECEPTOR_OUTER_SEGMENT",0.603399433427762,0.991195551436515,0.0878312634480124,0.263204172703124,0.919527269963055,26,"Kif17; Rpgr; Shank2; Rd3; Ift20; Bbs4"
"GOCC_PLASMA_MEMBRANE_BOUNDED_CELL_PROJECTION_CYTOPLASM",0.942779291553134,0.991195551436515,0.0304894126298511,-0.171060816377116,-0.742062846930406,122,"Rpgrip1; Septin7; Pqbp1; Hip1r; Ssna1; Dynll1; Arl13b; Lrrc43; Hnrnpa2b1; Odad2; Dnai2; Dync1i1; Cntrl; Gas8; Dydc1; Drc3; Dnali1; Cfap107; Tekt3; Cenpf; Cfap77; Wdr54; Rpgrip1l; Ribc1; Ccdc40; Cfap210; Efhc2; Ccdc63; Atg5; Gabarapl1; Spmip9; Arl3; Dnah7b; Spaca9; Abhd13; Abhd12; Prkar1a; Ift70b; Dnah10; Arl6; Eif4ebp2; Rsph14; Kcnab1"
"GOCC_PLASMA_MEMBRANE_PROTEIN_COMPLEX",0.925294888597641,0.991195551436515,0.0294936424723046,-0.171726471590471,-0.779806627226961,171,"Eps15l1; Itgbl1; Kcns3; Ctnna1; Kcnk2; Pde4d; Mr1; Ap2s1; Sumo1; Kcnq3; Cdh2; Dpp6; Hjv; Ripk1; Shisa7; Kcng2; Traf4; Catspere2; Atp1b2; Apbb1ip; Cacng2; Vcam1; Gna14; Cpt1c; Grm1; Noxo1; Chrna5; Amigo1; Gja3; Ticam2; Lrrc52; Cflar; B2m; Casp8; H2-K1; Cdh6; H2-Q6; H2-Eb1; Catsperz; Kcnma1; Gnai3"
"GOCC_PLASMA_MEMBRANE_SIGNALING_RECEPTOR_COMPLEX",0.710914454277286,0.991195551436515,0.0473534245254193,-0.226642068171678,-0.847035984954838,47,"Itgbl1; Hjv; Shisa7; Traf4; Apbb1ip; Cacng2; Cpt1c; Grm1; Chrna5; Ticam2; B2m; Chuk; Abhd12; Csf2ra; Itgav; Grik4; Birc2; Diablo; Il6st; Cntfr; Stxbp5; Gpr156; Porcn; Tfrc; Traf2"
"GOCC_POSTSYNAPTIC_DENSITY_MEMBRANE",0.938461538461538,0.991195551436515,0.0689567351672811,0.177817940123889,0.685492397003734,38,"Gsg1l; Hspb1; Adam22; Stx1a; Oprd1; Dlg1"
"GOCC_POSTSYNAPTIC_ENDOSOME",0.61323155216285,0.991195551436515,0.0810802057550866,0.279090612976061,0.872280580167748,17,"Myo5b; Stx12; Nsg1; Mkln1; Rab4a; Kif21b; Arc; Snx6; Gripap1"
"GOCC_POSTSYNAPTIC_SPECIALIZATION_INTRACELLULAR_COMPONENT",0.863517060367454,0.991195551436515,0.0652353056017703,0.225788252919137,0.716770123957852,18,"Psd; Baiap2; Dlg1"
"GOCC_POTASSIUM_CHANNEL_COMPLEX",0.777099236641221,0.991195551436515,0.0448645113168564,-0.233635317968629,-0.795639822638399,31,"Kcns3; Kcnk2; Pde4d; Sumo1; Kcnq3; Dpp6; Kcng2; Amigo1; Lrrc52; Kcnma1; Dlg2"
"GOCC_PRECATALYTIC_SPLICEOSOME",0.874251497005988,0.991195551436515,0.0385579101998489,-0.209996068488696,-0.735096756139831,36,"Sart1; Phf5a; Sf3b2; Wbp4; Snrpb2; Lsm8; Prpf6; Snrpf; Rnf113a2; Snrpg; Lsm3; Sf3a3; Eftud2; Bud13"
"GOCC_PRERIBOSOME",0.761768901569187,0.991195551436515,0.0426733861156084,-0.208710437370026,-0.834561887952027,69,"Rps27a; Imp4; Xrcc5; Rps16; Rrp7a; Wdr36; Utp20; Heatr1; Rps15a; Rps4x; Rps19; Nol10; Nsa2; Krr1; Casp8; Rps6; Dhx37; Ltv1; Rps27; Utp3"
"GOCC_PRERIBOSOME_LARGE_SUBUNIT_PRECURSOR",0.730706075533662,0.991195551436515,0.051011413203915,-0.27319922128488,-0.794978005973414,17,"Nsa2; Casp8; Ebna1bp2; Mdn1; Wdr12; Eif6; Ppan; Rrs1; Wdr74; Nip7; Mrto4; Rrp15; Rpf1; Ftsj3; Pes1; Noc2l; Mak16"
"GOCC_PRESYNAPSE",0.734470158343484,0.991195551436515,0.0370705393657621,-0.185272821127861,-0.894353132770963,281,"Rps27a; Cops4; Eps15l1; Elk1; Sh3gl1; Rpl14; Vdac3; Erc1; Rpl35; Got1; Dixdc1; Septin7; Entpd1; Kcnk2; Ap2s1; Sv2c; Tenm3; Sumo1; Ogt; Erc2; Vps11; Doc2b; Atp6v0e2; C9orf72; Cask; Ppp1ca; Cops5; Cdh2; Vamp4; Rps16; Nrg1; Rab2a; Slc17a5; Atr; S1pr3; P2rx4; Ppfia2; Casr; Praf2; Srsf10; Rps15a; Tmem163; Pnisr; Ano1; Rpl13a; Grm1; Stx16; Chrna5; Marcks; Dbnl; Sypl1; Grip1; Rab10; Vps16; Marcksl1; Pi4k2a; Slc1a2; Sec22b; Myo6; Ctsd; Rps6; Kcnma1; Arhgap44; Atp2b2; Rpl15"
"GOCC_PRESYNAPTIC_ACTIVE_ZONE_MEMBRANE",0.6645056726094,0.991195551436515,0.0547939500773363,-0.281296713617811,-0.841216319150304,19,"Tenm3; Cdh2; Nrg1; Kcnma1; Atp2b2; Napa; Ntng1; Lpar2; Vdac1"
"GOCC_PRESYNAPTIC_CYTOSOL",0.6,0.991195551436515,0.0833634065110386,0.269364752818213,0.881087004108388,19,"Hspa8; Stxbp1; Hap1; Baiap2"
"GOCC_PRESYNAPTIC_MEMBRANE",0.777142857142857,0.991195551436515,0.0418238690062304,-0.207123465980998,-0.837179930458953,74,"Septin7; Ap2s1; Tenm3; Erc2; Cask; Cdh2; Nrg1; Ppfia2; Ano1; Grm1; Marcks; Grip1; Marcksl1; Pi4k2a; Slc1a2; Kcnma1; Atp2b2; Napa; Dnajc6; Exoc3; Fosl1; Pick1; P2rx3; Ntng1; Ctnna2; Ngfr; Lpar2; Vdac1; Snph; Ncam1; Grik4"
"GOCC_PROTEIN_KINASE_COMPLEX",0.83,0.991195551436515,0.0387962208304479,-0.200107636030453,-0.789406305984794,64,"Ercc3; Ccnc; Erc1; Xrcc5; C9orf72; Prkar2b; Phka2; Ccna1"
"GOCC_PROTON_TRANSPORTING_TWO_SECTOR_ATPASE_COMPLEX",0.632148377125193,0.991195551436515,0.0549073703290958,-0.270092067878956,-0.888616704726254,27,"Tcirg1; Tmem199; Atp5mg; Atp6v0e2; Atp6ap1l; Atp6v0e; Atp5mc3; Atp6v1g2; Atp6v1e1"
"GOCC_P_BODY",0.813056379821958,0.991195551436515,0.0743625384422526,0.200709886627717,0.792242385305687,41,"Ago1; Lsm14a; Ago2; Dcp2; Polr2g"
"GOCC_RECEPTOR_COMPLEX",0.847527472527473,0.991195551436515,0.035996889024589,-0.191086752418646,-0.810430408475499,103,"Fgfr4; Itgbl1; Bmpr1a; Plxnd1; Egfr; Flt1; Il4ra; Hjv; Bmal2; Ripk1; Shisa7; Traf4; Apbb1ip; Cacng2; Cpt1c; Grm1; Chrna5; Ticam2; Pkd2l1; Trpc1; B2m; Mttp; Chuk; Ptprb; Plxna1; Abhd12; P2rx3; Csf2ra; Arnt; Itgav; Gpr62; Notch3; Grik4; Cd36; Mertk; Flt3; Eng; Birc2; Plxna4; Pex5l; Diablo; Il6st; Flt4; Cntfr; Plxnb2; Hspd1; Stxbp5"
"GOCC_RECYCLING_ENDOSOME",0.786885245901639,0.991195551436515,0.0813027345384498,0.192484623971559,0.845657066859324,73,"Ran; Plekhj1; Lztr1; Slc9a5; Myo5b; Stx12; St8sia2; Clcn4; Nsg1; Bloc1s2; Vipas39; Rab11b; Ap1g1; Bok"
"GOCC_RESPIRASOME",0.874193548387097,0.991195551436515,0.0749278818393739,0.184305498373838,0.770473875938125,55,"Ndufs8; Sdhc; Ndufs6; Ndufa13; Ndufs3; Ndufb11; Sdhd; Ndufb10; Ndufc2; Uqcc4; Uqcrq; Dmac2; Ndufa7"
"GOCC_RIBONUCLEOPROTEIN_GRANULE",0.905608755129959,0.991195551436515,0.0326513265618535,-0.179665434243939,-0.767986841700059,111,"Tia1; Pqbp1; Bard1; Ddx3y; Ybx1; Larp4; Sumo1; C9orf72; Celf1; Hnrnpa2b1; Ppp6r2; Socs1; Dync1i1; Dcps; Asz1; Elavl1; Rps4x; Marcks; Fam184a; Snrpb2; Edc3; Ncl; Ddx1; Rc3h1; Rps6; Stau2; Trim25"
"GOCC_RUFFLE",0.935691318327974,0.991195551436515,0.0713052987340038,0.167053751926203,0.728305659644095,65,"Psd; Arpc2; Atp6v1b2; Cit; Cyth3; Twf1; Mkln1; Sh3bgrl3; Sh2b1"
"GOCC_RUFFLE_MEMBRANE",0.801699716713881,0.991195551436515,0.0727141077934447,0.219693529836511,0.788149779954564,29,"Psd; Arpc2; Twf1; Sh3bgrl3"
"GOCC_SARCOMERE",0.848046309696093,0.991195551436515,0.0383995813369433,-0.195801301718105,-0.77920431990324,68,"Fhl2; Palld; Ppp3ca; Mtm1; Ryr3; Tnni3; Ggps1; Bag3; Trim32; Myl9"
"GOCC_SARCOPLASM",0.672514619883041,0.991195551436515,0.0835990603684159,0.236589558856869,0.86973990158541,32,"Hax1; Akap6; Tnnt2; Sar1a; Jsrp1"
"GOCC_SARCOPLASMIC_RETICULUM",0.669312169312169,0.991195551436515,0.0785029047348687,0.254279422192223,0.879957105815333,24,"Hax1; Akap6; Sar1a; Jsrp1"
"GOCC_SIDE_OF_MEMBRANE",0.770573566084788,0.991195551436515,0.0359208664409425,-0.185612181532201,-0.867854578520915,211,"Rnpep; Slamf7; Adam34l; Il13; Adam25; Sppl3; Bmpr1a; Entpd1; Cxcl12; Mr1; Ppp3ca; Ap2s1; Lypd1; Ryr3; Il4ra; Alpl; Chmp4b; Hjv; Btnl9; Dnai2; Gphn; Ctsl; Adam4; Clec4f; Icam1; Atp1b2; Cd2; Enox1; Vcam1; Cd59b; Adam34; Gna14; Ly6k; Aqp2; Racgap1; Ano1; Ly6e; Abca1; B2m; Adam1b; Lypd2; Cisd1; H2-K1; Spta1; H2-Q6; H2-Eb1; Kcnma1; Muc16; Gnai3; Abcg1; Snx5; Rgma; Bloc1s1; Adam24; Ank2; Psca; Cd34; Chuk; Sppl2a; Clec4g; Ppp1r9b; Fcgrt; G6pd2; Capn2; Gucy2g; Ntng1; Fcmr; Fcrla; Ngfr; Itgav; Pam16; Vpreb1a; Slc4a3; Kcnab1; Osbpl2; Scube1; Sele; Ncam1; Cxcr4; Cd36; Msn; H2-D1; H2-Ab1; Flt3; Eng; Ece1; Birc2; Borcs6; Pkp4; Gnai1; Cd59a; Rhoa; Diablo; Kxd1; Pakap; Il6st; H2-Q1; Tmc1"
"GOCC_SITE_OF_POLARIZED_GROWTH",0.86046511627907,0.991195551436515,0.077274697304471,0.183306882232993,0.796642298053729,69,"Arpc2; Katna1; Git1; Dvl1; Dctn2; Rtn4r; Disc1; Tubb3; Shank2; Chrna7; Hap1; Myo9a; Fkbp4; Als2; Arhgef7; Cdk5r2"
"GOCC_SMALL_NUCLEAR_RIBONUCLEOPROTEIN_COMPLEX",0.894904458598726,0.991195551436515,0.0730744399126987,0.183835143818667,0.735957235051588,46,"Snrpc; Prpf18; Snrnp27; Luc7l3; Prpf3; Larp7; Snrnp70; Sf3b6; Htatsf1; Sf3a1; Lsm7"
"GOCC_SMALL_RIBOSOMAL_SUBUNIT",0.766233766233766,0.991195551436515,0.0429311093452583,-0.215818735229179,-0.838618055514295,59,"Rps27a; Larp4; Mrps14; Rps16; Mrps35; Rps15; Rps15a; Rps4x; Rps19; Rps25; Mrps15; Rps21; Rps6; Mrps5; Rps27; Mrps16; Aurkaip1; Mrps26"
"GOCC_SM_LIKE_PROTEIN_FAMILY_COMPLEX",0.951754385964912,0.991195551436515,0.0334561741060507,-0.176793209005897,-0.67213835080614,51,"Slu7; Sart1; Phf5a; Sf3b2; Cd2bp2; Luc7l2; Txnl4b; Snrpb2; Nolc1; Ddx23; Lsm8; Prpf6; Gemin8; Snrpf; Snrpa; Snrpg; Lsm3; Gemin6; Sf3a3; Eftud2"
"GOCC_SNARE_COMPLEX",0.945736434108527,0.991195551436515,0.0365314928349125,-0.195435693626771,-0.629533071450652,25,"Doc2b; Vamp4; Snap23; Napg; Stx16; Sec22b; Napa; Stx7; Stxbp5l; Vamp1"
"GOCC_SPERM_MIDPIECE",0.681047765793529,0.991195551436515,0.0513223330421143,-0.261273156740266,-0.854768654168643,26,"Hyal3; Spata19"
"GOCC_SPINDLE_MIDZONE",0.909385113268608,0.991195551436515,0.0403295396423143,-0.21677377858578,-0.657856207207892,20,"Prc1; Cdc6; Racgap1; Cenpe; Aurkc; Cttn; Pkp4; Incenp; Aurkb; Kif18b; Gem"
"GOCC_SPINDLE_POLE",0.812698412698413,0.991195551436515,0.0778840111977068,0.183596256913542,0.81973617571367,77,"Fam110a; Bex4; Katna1; Git1; Vps4b; Nup62; Ttc28; Katnbl1; Spout1"
"GOCC_SPLICEOSOMAL_COMPLEX",0.814393939393939,0.991195551436515,0.0873098257637931,0.1769960154862,0.868241295317202,125,"Rheb; Bud31; Hspa8; Snrpc; Prpf18; Srsf1; Ess2; Hnrnpu; Srrm2; Hnrnph1"
"GOCC_SPLICEOSOMAL_TRI_SNRNP_COMPLEX",0.944444444444444,0.991195551436515,0.0613026075396207,0.192435937021577,0.665942091328016,24,"Prpf18; Snrnp27; Prpf3"
"GOCC_SYNAPTONEMAL_STRUCTURE",0.782071097372488,0.991195551436515,0.0451344222209097,-0.239667692561046,-0.788518955278567,27,"Kash5; Rnf212; Msh5; Tex11; Ccnb1ip1; Smc1a; Mlh1; Sycp1; Tex12"
"GOCC_TERMINAL_BOUTON",0.877049180327869,0.991195551436515,0.066436413766281,0.213188216093213,0.710764053747669,22,"Hspa8; Cyp19a1; Drd4"
"GOCC_TRANSCRIPTION_FACTOR_TFIID_COMPLEX",0.588541666666667,0.991195551436515,0.0845557442441281,0.273979410185257,0.904798992126904,20,"Taf8; Gtf2h2; Gtf2e1; Taf5; Gtf2a1; Gtf2h3; Gtf2h4; Taf6l; Tcea1; Taf7"
"GOCC_TRANSCRIPTION_REPRESSOR_COMPLEX",0.738794435857805,0.991195551436515,0.0477342401407188,-0.24945094961417,-0.820706370896907,27,"Akirin2; Hdgf; Lin9; Foxo3; Hdac2; Rest"
"GOCC_TRANSFERASE_COMPLEX",0.870023419203747,0.991195551436515,0.0268860833830403,-0.170351666842315,-0.848435647818477,385,"Kbtbd7; Ercc3; Med7; Topors; Ccnc; Pagr1a; Dmap1; Kmt2c; Erc1; Crebbp; Anapc13; Bard1; Zdhhc9; Dad1; Naa20; Bod1; Polr2j; Msl3l2; Wdr77; Fbxw11; Pigh; Kansl1; Nedd4; Mbip; Prps1; Xrcc5; Kctd10; Phf1; Kctd17; Ogt; C9orf72; Prkar2b; Phka2; Ccna1; Prps2; Syvn1; Polr3k; Fbxo25; Taf10; Socs1; Hdac2; Chm; Dyrk2; Pfkfb1; Dydc1; Klhl8; Ulk1; Skic8; Fbxl14; Polr1d; Magt1; Fbxo39; Bod1l; Zswim4; Brcc3; Cul4a; Med17; Cul4b; Fem1al; Tex24; Nus1; Ormdl2; Kctd2; Piga; Setd1b; Eny2; Taf7l; Prkaa1; Ddb2; Ube3d; Ube2s; Socs6; Mettl14; N6amt1; Fbxo8; Polr2k; Pfkm; Rnf7; Eed; Pcgf3; Cks2; Socs5; Ubac1; Naa50; Rpap1; Rnf2; Polr3g; Ube2dnl1; Klhl20; Chuk; Ostc; Gtf2h5; Atg5; Prim1; Det1; Kat14; Pik3r1; Ep300; Mlec; Erh; Pelp1; Phc3; Ccnjl; Pef1; Fbxl2; Rnf217; Dcaf11; Cxxc1; Mat2b; Prmt5; Prkar1a; Cdc20; Cbx4; Snrpf; Med20; Appbp2"
"GOCC_TRANSFERASE_COMPLEX_TRANSFERRING_PHOSPHORUS_CONTAINING_GROUPS",0.879377431906615,0.991195551436515,0.0845557442441281,0.168495788549332,0.839904152583042,137,"Map3k5; Polr1g; Ccnt1; Polr3d; Taf8; Gtf2a1l; Polr3gl; Pik3r6; Ccnq; Gtf2h2; Paf1; Trrap; Vac14; Prkab2; Cdk9; Polrmt; Pik3r2; Polr2g; Gtf2e1; Taf5; Tada3; Gtf2a1; Socs7; Primpol; Supt3; Phkb; Cdk5r2; Cdkn2d"
"GOCC_T_TUBULE",0.857519788918206,0.991195551436515,0.0658311958368866,0.212006688294817,0.706208288182529,21,"Fxyd1; Akap6; Dlg1; Atp1b1; Prkar2a; Casq1; Fer1l5; Camk2d"
"GOCC_U1_SNRNP",0.627551020408163,0.991195551436515,0.0799858801499946,0.298960072422202,0.896679123447153,15,"Snrpc; Luc7l3; Snrnp70"
"GOCC_U2_SNRNP",0.942528735632184,0.991195551436515,0.0393561959521291,-0.217986256222901,-0.629996273233919,16,"Phf5a; Sf3b2; Snrpb2"
"GOCC_U2_TYPE_SPLICEOSOMAL_COMPLEX",0.902208201892745,0.991195551436515,0.0721797965581253,0.177207562120887,0.765491249535564,62,"Bud31; Prpf18; Srrm2; Luc7l3; Prpf3; Snrnp70; Sf3b6; Eif4a3; Htatsf1; Cwc27; Sf3a1; Lsm7; Rbm8a"
"GOCC_VESICLE_TETHERING_COMPLEX",0.79236641221374,0.991195551436515,0.0439759278026345,-0.229918664034335,-0.782982841224797,31,"Cog2; Vps11; Trappc6b; Hook2; Grip1; Vps16; Trappc12; Exoc3; Vps53; Vps41; Hook3; Exoc5; Aktip"
"GOCC_VOLTAGE_GATED_CALCIUM_CHANNEL_COMPLEX",0.755102040816326,0.991195551436515,0.0704500850658419,0.264848759725567,0.794368130140814,15,"Tmem249; Catsper4; Efcab9"
"GOCC_CELL_CELL_JUNCTION",0.960698689956332,0.992338467170463,0.0860347242455604,0.154038156083071,0.799488875884933,176,"Adgrl3; Sdccag8; Anxa6; Cdh5; Hmcn1; Ywhah; Mpp3; Samt3; Fxyd1; Hamp2; Usp53; Jag1; Cyth3; Akap6; Twf1; Cldn34b4; Jam2; Flot2; Pkp1; Jup; Tchp; Vegfa; Dlg1; Pkp2; Rangrf; Adcyap1r1; Lin7c; Nf2; Fermt2; Panx2; Kit; Ptprm; Hepacam; Atp1b1; Add3; Map2k2; Mylk; Slc2a1; Itga6; Arhgap17; Pmp22; Dnmbp; Pdlim1; Cldn14; Abi2; Fbf1; Gjd3; Pak1; Pdzd2; Actb; Pdlim2; Camk2d; Gja6; Ndrg1; Dlg5; Cdh3"
"GOCC_CELL_PROJECTION_MEMBRANE",0.959294436906377,0.992338467170463,0.0294227657846801,-0.168116200951137,-0.713369094632614,102,"Ninj1; Robo1; Hip1r; Egfr; Slc34a3; Cask; Arl13b; Mchr1; Slc28a1; Pdzk1; Nradd; Shisa7; Muc4; Atp1b2; Plcg2; Ceacam20; Rom1; Slc1a2; Myo6; Atp2b2; Mttp; Plekho1; Myo1c; Eps8l3; Mfsd10; Slc22a12; Gabarapl1; Ppp1r9b; Ezr; Slc11a2"
"GOCC_EXTRACELLULAR_EXOSOME",0.965417867435158,0.994236311239193,0.0643583367917361,0.167592533951428,0.638351947810556,35,"Hspa8; Vasn; Anxa1; Ago2; Rbmx; Lamp2; Adam15; Rab4a; Sdcbp; Egf; Serpina5; Slc12a3; Cd47"
"GOCC_AXONEMAL_A_TUBULE_INNER_SHEATH",0.975728155339806,0.994655004859087,0.0370705393657621,-0.185091759928116,-0.561708911318168,20,"Cfap107; Tekt3; Ribc1; Efhc2; Spmip9"
"GOCC_CYCLIN_DEPENDENT_PROTEIN_KINASE_HOLOENZYME_COMPLEX",0.988888888888889,0.994655004859087,0.0614364107201271,0.149909712470688,0.567824672032536,34,"Ccnt1; Ccnq"
"GOCC_EXTRACELLULAR_ORGANELLE",0.987767584097859,0.994655004859087,0.0338245444462164,-0.165295838617609,-0.598104404358596,42,"Ybx1; Phospho1; Alpl; Hnrnpa2b1; Fn1; Icam1; Aqp2; Gars1; Clic1; Tsg101; Rab11a; Slc11a2; Rap2b; Abcb6; Pdcd6ip; Anxa2; Cd81"
"GOCC_LAMELLIPODIUM",0.985652797704448,0.994655004859087,0.0308468245215279,-0.160315079754815,-0.645567573290743,73,"Sh3rf1; Palld; Ctnna1; Plxnd1; Dusp22; Wasf2; Cdh2; Nradd; Pxn; Dbnl; Casp8; Actr2; Ppp1r9b; Itgb1bp1; Ctnna2; Itgav; Abi3bp; Cttn; Brk1; Arhgap31; Ppp1r9a; Nckap1; Wmp; Evl; Cdk5; Arhgef6; Coro1c; Dnm2; Rhoa; Nme2"
"GOCC_NUCLEAR_INNER_MEMBRANE",0.980551053484603,0.994655004859087,0.0369160593316849,-0.180190113557333,-0.538857571865986,19,"Dpy19l2; Dpy19l1"
"GOCC_ORGANELLE_SUBCOMPARTMENT",0.975467289719626,0.994655004859087,0.0203426159572209,-0.15545830395248,-0.775562534475469,394,"Tm6sf2; Sec11a; Tmem39a; Reep2; Soat1; Ebp; Derl1; Sppl3; Alg5; Chac1; Dad1; Eif2ak3; Acer3; Cog2; Selenot; Or5b21; Usp17ld; Atp8b5; Mr1; Alg14; Lnpk; Golph3; Mia3; Pigh; Ryr3; Retsat; Vmp1; Ero1a; Saraf; Vamp4; Slc37a4; Prepl; Abcd1; Ftcd; Syvn1; Marchf5; Rab2a; Sec62; Mgat4b; Fitm2; Magt1; Parp6; Trdn; Ldaf1; Lman2l; Trim13; Trappc6b; Cnst; Hook2; Zfyve1; Aqp2; 5730455P16Rik; Cnih4; Chid1; Slc27a6; Cpt1c; Chpt1; Stx16; Scamp3; Marchf6; Nus1; Ormdl2; Slc27a1; Piga; Ccdc91; Slc27a3; Rab10; Ap4s1; Uso1; B2m; Sec63; Tmtc2; Pi4k2a; Smpd4; H2-K1; Sec22b; H2-Q6; Slc30a6; Derl3; Pigx; Gnai3; Ocrl; Tmem33; Dnaaf6rt; Caml; Tmem41b; Parp8; Rab11a; Ubxn7; Faf2; Cracr2a; Klhl20; Ptdss1; Calr4; Ostc; Mgat2; Sppl2a; Pik3r1; Tecr; Pnpt1; Mlec; Myrf; Lyz2; Vps53; Slc11a2; Tex264; Slc37a2; Chst1; Rhbdd1; Gpr108; Pick1; Abhd12; Calu; Fcmr; Pgap2; Zfyve27"
"GOCC_SAGA_TYPE_COMPLEX",0.977011494252874,0.994655004859087,0.0376923295943841,-0.184725357868429,-0.533869836774994,16,"Mbip; Taf10; Eny2; Kat14; Map3k7; Zzz3"
"GOCC_SARCOLEMMA",0.983974358974359,0.994655004859087,0.0686325631836726,0.158671244248001,0.657211768023936,53,"Anxa6; Fxyd1; Synm; Akap6; Anxa1; Fkrp; Slc8a2; Dlg1; Lama2; Atp1b1; Cib1; Prkar2a; Slc2a1"
"GOCC_MEMBRANE_MICRODOMAIN",0.998624484181568,1,0.0280810636309052,-0.138643202292323,-0.589038856164824,104,"Stoml2; Bmpr1a; Ctnna1; Entpd1; Egfr; Cdh2; Tpp1; Icam1; Plcg2; Slc27a1; Trpc1; Grip1; Abca1; Pi4k2a; Slc1a2; Ctsd; Kcnma1; Mall; Vcl; Myo1c; Gab2; Ezr; Serpinh1; Lypd11; Capn2; Scarb1; Prkar1a; Rap2b"
"GOCC_ORGANELLE_INNER_MEMBRANE",1,1,0.096240602328129,0.134243146135741,0.741320704785392,292,"Plscr3; Tmem11; Slc25a27; Samm50; Smdt1; Ndufs8; Sdhc; Tst; Ghitm; Smpd5; Atp5pb; Slc25a24; Trmt10b; Slc25a26; Stat3; Pdss1; Tomm22; Mrpl38; Hsd3b6; Higd2a; Ndufs6; Ndufa13; Ldhb; Ndufs3; Slc25a38; Ndufb11; Atp5f1d; Atp5mj; Sdhd; Ndufb10; Timm17a; Bok; Dnajc30; Mrpl21; Ndufc2; Hccs; Uqcc4; Uqcrq; Psen2; Mrps18c; Ptpn1; Cox20; Dmac2; Mrps22; Ndufa7; Cox11; Mrps33; Abcb8; Mrps10; Tufm; Mrps21; Yme1l1; Ak2; Tafazzin; Mrpl46; Akap1; Lbr; Mtln; Ptpmt1; Aifm1; Atp5f1e; Mrpl51; Mrps9; Mrps25; Slc25a31; Cox7a1; Mrpl39; Majin; Sfxn1; Timm21; Mrps17; Tmem223; Ern1; Atp5mk; Coq5; AA467197; Cyc1; Dnajc19"
